latitude,longitude,latitude_CBD,longitude_CBD,distance_to_CBD,rents per bedroom/week
51.47973,-0.22205,51.515243,-0.141953,9742.537071,$17.00 
51.53388,-0.03467,51.515243,-0.141953,12107.99643,$18.00 
51.43019,-0.05936,51.515243,-0.141953,13182.87318,$20.00 
51.38586,-0.12563,51.515243,-0.141953,14500.74868,$20.00 
51.62252,-0.15875,51.515243,-0.141953,12073.95681,$20.00 
51.40616,-0.12063,51.515243,-0.141953,12359.02172,$21.25 
51.47374,-0.05673,51.515243,-0.141953,10540.35727,$22.00 
51.51919,-0.21426,51.515243,-0.141953,8052.146217,$22.50 
51.41379,-0.18044,51.515243,-0.141953,12065.48121,$23.00 
51.44259,-0.04576,51.515243,-0.141953,13404.20898,$24.00 
51.50815,-0.26464,51.515243,-0.141953,13664.96007,$25.00 
51.46782,-0.02823,51.515243,-0.141953,13700.8576,$25.00 
51.46818,-0.02812,51.515243,-0.141953,13696.80329,$25.00 
51.54173,-0.02881,51.515243,-0.141953,12921.07841,$25.00 
51.55712,-0.04184,51.515243,-0.141953,12066.72965,$25.00 
51.52871,-0.04137,51.515243,-0.141953,11284.12822,$25.00 
51.48106,-0.25897,51.515243,-0.141953,13555.501,$26.00 
51.42738,-0.07867,51.515243,-0.141953,12040.23114,$27.50 
51.60477,-0.12547,51.515243,-0.141953,10122.24768,$27.67 
51.42864,-0.15701,51.515243,-0.141953,9774.246724,$29.00 
51.43027,-0.12881,51.515243,-0.141953,9560.902914,$29.00 
51.54025,-0.25375,51.515243,-0.141953,12738.45676,$29.00 
51.46635,-0.03985,51.515243,-0.141953,12587.91546,$29.00 
51.46788,-0.09993,51.515243,-0.141953,7040.653874,$30.00 
51.44553,-0.13773,51.515243,-0.141953,7765.924161,$30.00 
51.56056,-0.04762,51.515243,-0.141953,11636.93966,$30.00 
51.47878,-0.0404,51.515243,-0.141953,11998.01819,$30.00 
51.46434,-0.23728,51.515243,-0.141953,12016.42295,$30.00 
51.51412,-0.01437,51.515243,-0.141953,14187.14079,$30.00 
51.48163,-0.02756,51.515243,-0.141953,13257.68573,$30.00 
51.41502,-0.15994,51.515243,-0.141953,11322.30657,$30.00 
51.44327,-0.18044,51.515243,-0.141953,9075.385563,$30.00 
51.44869,-0.18116,51.515243,-0.141953,8589.010156,$30.00 
51.45744,-0.18707,51.515243,-0.141953,8153.478703,$30.00 
51.48241,-0.18619,51.515243,-0.141953,6125.730916,$30.00 
51.45511,-0.10869,51.515243,-0.141953,7641.282492,$32.00 
51.43263,-0.06485,51.515243,-0.141953,12565.41425,$32.00 
51.50334,-0.01386,51.515243,-0.141953,14304.66391,$32.00 
51.55492,-0.03596,51.515243,-0.141953,12584.59155,$32.00 
51.46516,-0.07212,51.515243,-0.141953,9555.623913,$32.00 
51.46452,-0.0797,51.515243,-0.141953,8929.071598,$34.00 
51.5333,-0.03032,51.515243,-0.141953,12574.37045,$34.00 
51.40564,-0.09244,51.515243,-0.141953,13373.16825,$34.00 
51.39959,-0.07871,51.515243,-0.141953,14657.19967,$34.00 
51.53834,-0.0232,51.515243,-0.141953,13452.18038,$34.00 
51.47275,-0.12192,51.515243,-0.141953,5223.760531,$34.00 
51.4649,-0.07362,51.515243,-0.141953,9437.705934,$34.20 
51.48152,-0.18193,51.515243,-0.141953,5815.604398,$35.00 
51.51463,-0.05797,51.515243,-0.141953,9338.738146,$35.00 
51.58973,-0.08509,51.515243,-0.141953,10420.16476,$35.00 
51.548,-0.23357,51.515243,-0.141953,10818.9234,$35.00 
51.41447,-0.19591,51.515243,-0.141953,12710.53494,$35.00 
51.40458,-0.09256,51.515243,-0.141953,13475.22613,$35.00 
51.50529,-0.05734,51.515243,-0.141953,9473.410333,$35.00 
51.51876,-0.20705,51.515243,-0.141953,7249.017107,$36.00 
51.42675,-0.16785,51.515243,-0.141953,10252.63602,$36.00 
51.52746,-0.14522,51.515243,-0.141953,1406.198757,$37.00 
51.47188,-0.18469,51.515243,-0.141953,6769.923059,$37.50 
51.41562,-0.19489,51.515243,-0.141953,12544.32999,$37.50 
51.62894,-0.1085,51.515243,-0.141953,13178.39671,$37.50 
51.46964,-0.05334,51.515243,-0.141953,11081.5706,$37.50 
51.52246,-0.16565,51.515243,-0.141953,2754.478639,$37.50 
51.42239,-0.09271,51.515243,-0.141953,11686.86925,$38.00 
51.58093,-0.03602,51.515243,-0.141953,13859.99165,$38.00 
51.49399,-0.01899,51.515243,-0.141953,13875.59822,$38.00 
51.55269,-0.04329,51.515243,-0.141953,11734.45206,$38.00 
51.55183,-0.23685,51.515243,-0.141953,11309.15232,$38.00 
51.53752,-0.04708,51.515243,-0.141953,10836.32211,$38.00 
51.46146,-0.02147,51.515243,-0.141953,14671.32082,$39.00 
51.54954,-0.19428,51.515243,-0.141953,6956.92063,$39.00 
51.51892,-0.15187,51.515243,-0.141953,1176.078958,$40.00 
51.51911,-0.15086,51.515243,-0.141953,1079.727088,$40.00 
51.54046,-0.09883,51.515243,-0.141953,5554.730802,$40.00 
51.52984,-0.08155,51.515243,-0.141953,6909.849249,$40.00 
51.59583,-0.14223,51.515243,-0.141953,8960.896506,$40.00 
51.58937,-0.12274,51.515243,-0.141953,8514.89891,$40.00 
51.42259,-0.16387,51.515243,-0.141953,10586.8283,$40.00 
51.57774,-0.07622,51.515243,-0.141953,10085.51208,$40.00 
51.41138,-0.17918,51.515243,-0.141953,12268.42509,$40.00 
51.41642,-0.07645,51.515243,-0.141953,13183.34319,$40.00 
51.43867,-0.03896,51.515243,-0.141953,14270.68963,$40.00 
51.59801,-0.03658,51.515243,-0.141953,14899.23439,$40.00 
51.40206,-0.21492,51.515243,-0.141953,14973.9636,$40.00 
51.53402,-0.03535,51.515243,-0.141953,12036.19719,$40.00 
51.51473,-0.02967,51.515243,-0.141953,12485.4381,$40.00 
51.59008,-0.22657,51.515243,-0.141953,12560.86443,$40.00 
51.40828,-0.12034,51.515243,-0.141953,12134.09746,$40.00 
51.52598,-0.04665,51.515243,-0.141953,10664.25809,$40.00 
51.60137,-0.15658,51.515243,-0.141953,9713.984872,$40.00 
51.48741,-0.22006,51.515243,-0.141953,9220.048737,$40.00 
51.53254,-0.07104,51.515243,-0.141953,8116.350707,$40.00 
51.54663,-0.1942,51.515243,-0.141953,6777.315842,$40.00 
51.52528,-0.18766,51.515243,-0.141953,5203.486426,$40.00 
51.49157,-0.256,51.515243,-0.141953,12951.76768,$42.00 
51.55143,-0.04323,51.515243,-0.141953,11691.73429,$42.00 
51.50093,-0.09116,51.515243,-0.141953,5867.883652,$42.00 
51.44424,-0.0324,51.515243,-0.141953,14516.499,$42.50 
51.52882,-0.01728,51.515243,-0.141953,13944.97503,$42.50 
51.54771,-0.18285,51.515243,-0.141953,5806.316908,$42.50 
51.52126,-0.05696,51.515243,-0.141953,9474.449461,$43.00 
51.5133,-0.03577,51.515243,-0.141953,11808.99487,$43.00 
51.52811,-0.11515,51.515243,-0.141953,3305.989805,$43.00 
51.53417,-0.06552,51.515243,-0.141953,8755.668247,$43.33 
51.53205,-0.04062,51.515243,-0.141953,11421.65429,$43.67 
51.52231,-0.09144,51.515243,-0.141953,5671.495895,$44.00 
51.53747,-0.05977,51.515243,-0.141953,9466.661944,$44.50 
51.54368,-0.17332,51.515243,-0.141953,4707.823679,$45.00 
51.49416,-0.06148,51.515243,-0.141953,9250.191461,$45.00 
51.46316,-0.22124,51.515243,-0.141953,10548.31325,$45.00 
51.52019,-0.04864,51.515243,-0.141953,10390.50979,$45.00 
51.47974,-0.01599,51.515243,-0.141953,14552.16709,$45.00 
51.50993,-0.27185,51.515243,-0.141953,14455.97305,$45.00 
51.53979,-0.2116,51.515243,-0.141953,8211.320679,$45.00 
51.52777,-0.07296,51.515243,-0.141953,7797.108218,$45.00 
51.47443,-0.11599,51.515243,-0.141953,5378.633714,$45.00 
51.48249,-0.19929,51.515243,-0.141953,7342.472273,$46.00 
51.48864,-0.11714,51.515243,-0.141953,4045.116895,$46.67 
51.49184,-0.03978,51.515243,-0.141953,11655.34797,$47.00 
51.56285,-0.19551,51.515243,-0.141953,7967.920546,$47.50 
51.4676,-0.25994,51.515243,-0.141953,14148.76739,$48.00 
51.50088,-0.24514,51.515243,-0.141953,11584.49569,$48.75 
51.42276,-0.0539,51.515243,-0.141953,14199.22598,$49.00 
51.46272,-0.11667,51.515243,-0.141953,6481.709027,$49.00 
51.58462,-0.14677,51.515243,-0.141953,7732.922528,$49.50 
51.49262,-0.13123,51.515243,-0.141953,2783.831023,$50.00 
51.48366,-0.11658,51.515243,-0.141953,4504.798591,$50.00 
51.51074,-0.19853,51.515243,-0.141953,6310.973578,$50.00 
51.58751,-0.09781,51.515243,-0.141953,9416.258937,$50.00 
51.51428,-0.26447,51.515243,-0.141953,13623.6982,$50.00 
51.54363,-0.02565,51.515243,-0.141953,13311.9543,$50.00 
51.40934,-0.18315,51.515243,-0.141953,12635.4528,$50.00 
51.49605,-0.04194,51.515243,-0.141953,11323.87221,$50.00 
51.46187,-0.05979,51.515243,-0.141953,10894.51816,$50.00 
51.53278,-0.05621,51.515243,-0.141953,9731.568654,$50.00 
51.49013,-0.08014,51.515243,-0.141953,7418.888586,$50.00 
51.54093,-0.05371,51.515243,-0.141953,10219.44839,$50.50 
51.49697,-0.11622,51.515243,-0.141953,3509.410703,$51.00 
51.51103,-0.27614,51.515243,-0.141953,14928.27508,$51.00 
51.54745,-0.07419,51.515243,-0.141953,8342.673351,$52.00 
51.4803,-0.21145,51.515243,-0.141953,8649.533952,$52.33 
51.48258,-0.20021,51.515243,-0.141953,7426.574374,$53.00 
51.47386,-0.16355,51.515243,-0.141953,5190.519005,$54.00 
51.48794,-0.21467,51.515243,-0.141953,8636.928057,$54.00 
51.55854,-0.09841,51.515243,-0.141953,6827.968146,$54.00 
51.52407,-0.11584,51.515243,-0.141953,3065.039965,$54.50 
51.51749,-0.01934,51.515243,-0.141953,13636.24133,$55.00 
51.58931,-0.25055,51.515243,-0.141953,14616.59138,$55.00 
51.41482,-0.22092,51.515243,-0.141953,14205.31468,$55.00 
51.50888,-0.27566,51.515243,-0.141953,14884.37494,$55.00 
51.47598,-0.01958,51.515243,-0.141953,14290.49704,$55.00 
51.50397,-0.26834,51.515243,-0.141953,14109.39263,$55.00 
51.61312,-0.20904,51.515243,-0.141953,13194.51522,$55.00 
51.54635,-0.07585,51.515243,-0.141953,8123.515866,$55.00 
51.47044,-0.10298,51.515243,-0.141953,6602.957994,$56.00 
51.48998,-0.18148,51.515243,-0.141953,5216.214641,$56.00 
51.49402,-0.22724,51.515243,-0.141953,9772.693494,$57.00 
51.50178,-0.21627,51.515243,-0.141953,8398.17926,$57.50 
51.42035,-0.19239,51.515243,-0.141953,11949.43819,$57.50 
51.54752,-0.07102,51.515243,-0.141953,8665.574978,$57.50 
51.52106,-0.14159,51.515243,-0.141953,648.0775161,$58.00 
51.44762,-0.05716,51.515243,-0.141953,12059.77196,$58.00 
51.52115,-0.06692,51.515243,-0.141953,8369.108742,$58.00 
51.52944,-0.02079,51.515243,-0.141953,13564.89057,$59.50 
51.56598,-0.04939,51.515243,-0.141953,11737.34176,$59.50 
51.52773,-0.13097,51.515243,-0.141953,1849.151873,$60.00 
51.49847,-0.11111,51.515243,-0.141953,3903.915421,$60.00 
51.5573,-0.14269,51.515243,-0.141953,4677.231456,$60.00 
51.47634,-0.15068,51.515243,-0.141953,4433.311837,$60.00 
51.49404,-0.22738,51.515243,-0.141953,9787.264874,$60.00 
51.59056,-0.09624,51.515243,-0.141953,9796.722729,$60.00 
51.50743,-0.22568,51.515243,-0.141953,9350.469535,$60.00 
51.49836,-0.02547,51.515243,-0.141953,13087.66758,$60.00 
51.40544,-0.15953,51.515243,-0.141953,12364.94174,$60.00 
51.56025,-0.05958,51.515243,-0.141953,10437.49649,$60.00 
51.53841,-0.04686,51.515243,-0.141953,10883.13788,$60.00 
51.51559,-0.05984,51.515243,-0.141953,9130.636271,$60.00 
51.51782,-0.22,51.515243,-0.141953,8683.165257,$60.00 
51.52554,-0.0723,51.515243,-0.141953,7829.239976,$60.00 
51.49279,-0.20973,51.515243,-0.141953,7939.238792,$60.00 
51.46273,-0.14175,51.515243,-0.141953,5839.208609,$60.00 
51.48546,-0.12623,51.515243,-0.141953,3744.871031,$60.00 
51.45084,-0.12378,51.515243,-0.141953,7440.918737,$61.00 
51.51551,-0.2146,51.515243,-0.141953,8078.037465,$61.00 
51.45531,-0.11668,51.515243,-0.141953,7232.526479,$62.50 
51.50322,-0.24664,51.515243,-0.141953,11717.1871,$63.00 
51.45685,-0.22406,51.515243,-0.141953,11203.27514,$63.00 
51.49995,-0.02624,51.515243,-0.141953,12978.59223,$65.00 
51.51568,-0.02109,51.515243,-0.141953,13439.4487,$65.00 
51.5585,-0.22631,51.515243,-0.141953,10541.40431,$65.00 
51.42254,-0.13921,51.515243,-0.141953,10312.59081,$65.00 
51.60133,-0.17248,51.515243,-0.141953,10156.43322,$65.00 
51.48542,-0.20716,51.515243,-0.141953,7973.039909,$65.00 
51.58316,-0.1219,51.515243,-0.141953,7874.318106,$65.00 
51.63546,-0.11726,51.515243,-0.141953,13646.58044,$66.00 
51.492,-0.09404,51.515243,-0.141953,5921.476703,$66.50 
51.5835,-0.11739,51.515243,-0.141953,8066.305668,$66.67 
51.418,-0.10084,51.515243,-0.141953,11739.60655,$66.67 
51.49521,-0.10013,51.515243,-0.141953,5156.479216,$67.00 
51.53023,-0.19886,51.515243,-0.141953,6543.534191,$67.00 
51.55586,-0.09366,51.515243,-0.141953,7016.703959,$67.00 
51.52731,-0.04472,51.515243,-0.141953,10894.76562,$67.00 
51.54599,-0.07426,51.515243,-0.141953,8267.195565,$67.50 
51.53238,-0.06578,51.515243,-0.141953,8681.760617,$68.00 
51.5536,-0.19216,51.515243,-0.141953,7025.540415,$68.50 
51.49259,-0.16505,51.515243,-0.141953,3597.335252,$69.00 
51.49519,-0.19242,51.515243,-0.141953,6038.4477,$69.00 
51.40269,-0.19177,51.515243,-0.141953,13686.36936,$69.00 
51.64561,-0.14412,51.515243,-0.141953,14498.11476,$69.00 
51.38132,-0.15591,51.515243,-0.141953,14972.16368,$69.00 
51.4433,-0.21349,51.515243,-0.141953,11281.36987,$69.00 
51.41976,-0.1631,51.515243,-0.141953,10874.46419,$69.00 
51.45427,-0.11964,51.515243,-0.141953,7219.596205,$69.00 
51.46089,-0.16106,51.515243,-0.141953,6406.320703,$69.00 
51.47776,-0.14939,51.515243,-0.141953,4249.154543,$70.00 
51.49748,-0.09651,51.515243,-0.141953,5425.346798,$70.00 
51.57034,-0.11096,51.515243,-0.141953,7029.277757,$70.00 
51.43693,-0.16283,51.515243,-0.141953,9012.095895,$70.00 
51.52448,-0.08769,51.515243,-0.141953,6120.570116,$70.00 
51.5153,-0.1349,51.515243,-0.141953,784.2839207,$72.00 
51.52245,-0.18275,51.515243,-0.141953,4606.66193,$72.00 
51.5382,-0.18906,51.515243,-0.141953,5826.965352,$72.00 
51.48434,-0.18729,51.515243,-0.141953,6100.977502,$72.00 
51.51323,-0.13279,51.515243,-0.141953,1043.17689,$72.50 
51.52373,-0.16381,51.515243,-0.141953,2607.177748,$75.00 
51.48796,-0.16898,51.515243,-0.141953,4270.2561,$75.00 
51.48993,-0.19718,51.515243,-0.141953,6755.278529,$75.00 
51.46299,-0.22336,51.515243,-0.141953,10756.31806,$75.00 
51.5653,-0.05008,51.515243,-0.141953,11633.75463,$75.00 
51.54689,-0.03509,51.515243,-0.141953,12392.74746,$75.00 
51.44057,-0.20387,51.515243,-0.141953,10786.31657,$75.00 
51.50667,-0.21517,51.515243,-0.141953,8196.982892,$75.00 
51.45937,-0.11521,51.515243,-0.141953,6887.780663,$75.00 
51.55065,-0.1682,51.515243,-0.141953,4900.849117,$75.00 
51.49623,-0.13808,51.515243,-0.141953,2157.561759,$75.00 
51.53031,-0.14595,51.515243,-0.141953,1733.319307,$75.00 
51.51688,-0.18513,51.515243,-0.141953,4804.515731,$76.00 
51.48451,-0.19982,51.515243,-0.141953,7285.687167,$77.00 
51.48254,-0.2004,51.515243,-0.141953,7447.180548,$77.00 
51.4631,-0.22924,51.515243,-0.141953,11305.78608,$78.00 
51.59497,-0.2269,51.515243,-0.141953,12954.23506,$78.00 
51.56007,-0.14073,51.515243,-0.141953,4986.377836,$78.00 
51.5422,-0.20218,51.515243,-0.141953,7337.15306,$79.00 
51.64553,-0.14404,51.515243,-0.141953,14489.07527,$79.00 
51.57419,-0.13958,51.515243,-0.141953,6559.901027,$80.00 
51.56956,-0.10778,51.515243,-0.141953,7135.669766,$80.00 
51.43923,-0.10421,51.515243,-0.141953,9436.840411,$80.00 
51.50247,-0.03711,51.515243,-0.141953,11744.21534,$80.00 
51.50175,-0.26602,51.515243,-0.141953,13876.97412,$80.00 
51.51986,-0.03748,51.515243,-0.141953,11628.21345,$80.00 
51.55504,-0.04467,51.515243,-0.141953,11687.53165,$80.00 
51.52898,-0.05114,51.515243,-0.141953,10212.82671,$80.00 
51.52492,-0.07301,51.515243,-0.141953,7741.265504,$80.00 
51.49494,-0.11211,51.515243,-0.141953,4013.530803,$83.33 
51.54777,-0.23534,51.515243,-0.141953,10996.00998,$83.33 
51.49352,-0.09411,51.515243,-0.141953,5842.596213,$84.50 
51.52924,-0.12825,51.515243,-0.141953,2178.080473,$85.00 
51.56523,-0.04897,51.515243,-0.141953,11738.59863,$85.00 
51.41859,-0.23031,51.515243,-0.141953,14561.28556,$85.00 
51.46544,-0.25762,51.515243,-0.141953,14003.12967,$85.00 
51.58011,-0.21045,51.515243,-0.141953,10489.82617,$85.00 
51.51285,-0.0505,51.515243,-0.141953,10172.59672,$85.00 
51.45918,-0.13152,51.515243,-0.141953,6340.933937,$85.00 
51.48904,-0.01928,51.515243,-0.141953,13948.3307,$86.00 
51.47925,-0.16761,51.515243,-0.141953,4914.978101,$87.50 
51.43483,-0.22051,51.515243,-0.141953,12500.09671,$88.00 
51.6456,-0.14305,51.515243,-0.141953,14495.51422,$89.00 
51.4926,-0.16398,51.515243,-0.141953,3512.582845,$89.00 
51.53033,-0.21734,51.515243,-0.141953,8548.87357,$90.00 
51.42053,-0.18494,51.515243,-0.141953,11565.53108,$90.00 
51.5957,-0.24002,51.515243,-0.141953,14104.83514,$90.00 
51.53285,-0.06625,51.515243,-0.141953,8642.46988,$90.00 
51.54724,-0.13844,51.515243,-0.141953,3579.275569,$90.00 
51.50676,-0.05671,51.515243,-0.141953,9525.414259,$91.00 
51.54167,-0.14058,51.515243,-0.141953,2942.504627,$91.67 
51.52407,-0.10554,51.515243,-0.141953,4166.211406,$93.00 
51.53862,-0.0991,51.515243,-0.141953,5427.935777,$95.00 
51.4911,-0.13579,51.515243,-0.141953,2770.661022,$95.00 
51.50414,-0.05747,51.515243,-0.141953,9474.866712,$96.00 
51.48566,-0.18415,51.515243,-0.141953,5730.299754,$97.50 
51.53967,-0.09674,51.515243,-0.141953,5714.267481,$99.00 
51.48311,-0.18428,51.515243,-0.141953,5909.147281,$99.00 
51.46216,-0.13707,51.515243,-0.141953,5927.467715,$99.00 
51.54632,-0.07488,51.515243,-0.141953,8219.83439,$99.00 
51.50177,-0.21433,51.515243,-0.141953,8186.209561,$99.50 
51.45618,-0.02432,51.515243,-0.141953,14636.38752,$99.50 
51.52262,-0.13704,51.515243,-0.141953,985.5502198,$100.00 
51.50403,-0.14913,51.515243,-0.141953,1480.35518,$100.00 
51.49819,-0.13836,51.515243,-0.141953,1937.834869,$100.00 
51.53529,-0.13751,51.515243,-0.141953,2283.210332,$100.00 
51.49383,-0.12021,51.515243,-0.141953,3393.310945,$100.00 
51.54029,-0.16415,51.515243,-0.141953,3721.385838,$100.00 
51.52423,-0.18481,51.515243,-0.141953,4869.131992,$100.00 
51.49039,-0.19595,51.515243,-0.141953,6609.642719,$100.00 
51.53261,-0.08277,51.515243,-0.141953,6858.34256,$100.00 
51.50414,-0.08274,51.515243,-0.141953,6698.93859,$100.00 
51.57204,-0.08339,51.515243,-0.141953,9071.438386,$100.00 
51.53076,-0.01223,51.515243,-0.141953,14527.37585,$100.00 
51.49727,-0.01373,51.515243,-0.141953,14397.13998,$100.00 
51.54118,-0.02334,51.515243,-0.141953,13500.81807,$100.00 
51.51505,-0.2116,51.515243,-0.141953,7744.427653,$100.00 
51.55233,-0.09507,51.515243,-0.141953,6647.059315,$100.00 
51.54694,-0.12359,51.515243,-0.141953,4073.282178,$100.00 
51.54359,-0.12843,51.515243,-0.141953,3492.337103,$100.00 
51.52157,-0.16139,51.515243,-0.141953,2272.918154,$100.00 
51.52842,-0.11141,51.515243,-0.141953,3698.81347,$102.00 
51.48642,-0.10775,51.515243,-0.141953,4973.546726,$103.00 
51.49389,-0.20418,51.515243,-0.141953,7315.366911,$103.50 
51.48851,-0.18624,51.515243,-0.141953,5752.107717,$104.00 
51.46309,-0.13494,51.515243,-0.141953,5851.332272,$104.33 
51.51762,-0.21359,51.515243,-0.141953,7970.059761,$105.00 
51.49038,-0.1395,51.515243,-0.141953,2778.055863,$106.00 
51.50067,-0.23288,51.515243,-0.141953,10239.65746,$106.00 
51.49061,-0.04593,51.515243,-0.141953,11023.00898,$107.00 
51.51223,-0.12534,51.515243,-0.141953,1877.417764,$110.00 
51.51828,-0.1128,51.515243,-0.141953,3259.210026,$110.00 
51.54838,-0.16344,51.515243,-0.141953,4391.488688,$110.00 
51.509,-0.19948,51.515243,-0.141953,6434.271645,$110.00 
51.47013,-0.04266,51.515243,-0.141953,12127.0272,$110.00 
51.42924,-0.21411,51.515243,-0.141953,12483.11568,$110.00 
51.63174,-0.18855,51.515243,-0.141953,13951.62005,$110.00 
51.49126,-0.17969,51.515243,-0.141953,4971.871117,$110.00 
51.51779,-0.13768,51.515243,-0.141953,553.140072,$110.50 
51.52932,-0.08094,51.515243,-0.141953,6962.57191,$112.50 
51.48147,-0.14934,51.515243,-0.141953,3844.156812,$114.00 
51.51843,-0.12642,51.515243,-0.141953,1763.171934,$116.00 
51.52085,-0.14709,51.515243,-0.141953,845.5720459,$116.67 
51.5308,-0.11117,51.515243,-0.141953,3835.199777,$116.67 
51.49368,-0.13027,51.515243,-0.141953,2727.006121,$117.00 
51.52518,-0.07722,51.515243,-0.141953,7282.300375,$119.00 
51.49694,-0.18981,51.515243,-0.141953,5697.361417,$119.00 
51.48935,-0.26395,51.515243,-0.141953,13867.62603,$119.33 
51.51925,-0.1471,51.515243,-0.141953,725.3081126,$120.00 
51.50226,-0.11054,51.515243,-0.141953,3779.541043,$120.00 
51.49595,-0.2293,51.515243,-0.141953,9946.647138,$120.00 
51.56931,-0.02936,51.515243,-0.141953,13888.43906,$120.00 
51.4642,-0.07367,51.515243,-0.141953,9479.627224,$120.00 
51.52132,-0.06057,51.515243,-0.141953,9074.576297,$120.00 
51.48874,-0.10621,51.515243,-0.141953,4947.825809,$120.00 
51.51386,-0.13494,51.515243,-0.141953,794.8291724,$120.00 
51.4861,-0.18668,51.515243,-0.141953,5935.990476,$121.00 
51.54012,-0.11532,51.515243,-0.141953,4052.412076,$121.00 
51.50862,-0.12717,51.515243,-0.141953,1801.225098,$125.00 
51.51334,-0.12649,51.515243,-0.141953,1732.380077,$125.00 
51.51334,-0.12649,51.515243,-0.141953,1732.380077,$125.00 
51.56822,-0.11266,51.515243,-0.141953,6731.32256,$125.00 
51.50803,-0.21599,51.515243,-0.141953,8271.520671,$125.00 
51.5305,-0.06098,51.515243,-0.141953,9162.2265,$125.00 
51.52463,-0.20135,51.515243,-0.141953,6686.618717,$125.00 
51.49267,-0.18924,51.515243,-0.141953,5826.442891,$125.00 
51.50653,-0.19336,51.515243,-0.141953,5797.7237,$125.00 
51.52015,-0.17529,51.515243,-0.141953,3746.849002,$125.00 
51.51146,-0.14437,51.515243,-0.141953,499.1762127,$125.00 
51.48606,-0.1243,51.515243,-0.141953,3792.502381,$126.00 
51.51529,-0.12353,51.515243,-0.141953,2048.552086,$127.00 
51.51885,-0.12714,51.515243,-0.141953,1695.260091,$127.00 
51.51061,-0.06646,51.515243,-0.141953,8410.236853,$128.00 
51.46026,-0.12706,51.515243,-0.141953,6334.130883,$128.00 
51.51326,-0.13357,51.515243,-0.141953,957.8721705,$129.00 
51.49625,-0.15497,51.515243,-0.141953,2560.320509,$129.00 
51.50967,-0.07814,51.515243,-0.141953,7122.694632,$130.00 
51.51897,-0.12375,51.515243,-0.141953,2066.072674,$130.00 
51.51797,-0.13925,51.515243,-0.141953,426.9467108,$130.00 
51.51642,-0.13937,51.515243,-0.141953,315.6294958,$135.00 
51.52066,-0.15774,51.515243,-0.141953,1855.900906,$135.00 
51.51164,-0.20278,51.515243,-0.141953,6775.513048,$137.50 
51.53323,-0.00977,51.515243,-0.141953,14833.54491,$137.50 
51.52857,-0.13631,51.515243,-0.141953,1609.262351,$137.50 
51.46958,-0.13004,51.515243,-0.141953,5247.435967,$138.00 
51.49078,-0.13961,51.515243,-0.141953,2732.603102,$139.00 
51.51233,-0.16783,51.515243,-0.141953,2895.566868,$140.00 
51.52207,-0.15998,51.515243,-0.141953,2143.441242,$140.00 
51.53968,-0.15643,51.515243,-0.141953,3158.302094,$140.00 
51.5244,-0.10233,51.515243,-0.141953,4522.004683,$140.00 
51.49343,-0.16549,51.515243,-0.141953,3568.291215,$140.00 
51.49923,-0.16745,51.515243,-0.141953,3347.894637,$140.00 
51.51543,-0.12517,51.515243,-0.141953,1866.301464,$145.00 
51.46828,-0.05429,51.515243,-0.141953,11058.35383,$145.00 
51.51776,-0.16926,51.515243,-0.141953,3049.273127,$145.00 
51.51878,-0.15786,51.515243,-0.141953,1811.97671,$145.00 
51.51917,-0.15822,51.515243,-0.141953,1860.769446,$145.00 
51.52263,-0.14044,51.515243,-0.141953,838.4472157,$145.00 
51.51223,-0.11891,51.515243,-0.141953,2584.07693,$146.00 
51.51236,-0.13271,51.515243,-0.141953,1076.610452,$147.33 
51.52237,-0.14074,51.515243,-0.141953,803.8805453,$149.00 
51.49929,-0.08871,51.515243,-0.141953,6180.396205,$149.00 
51.51908,-0.13906,51.515243,-0.141953,534.3371546,$150.00 
51.52093,-0.15227,51.515243,-0.141953,1309.942327,$150.00 
51.51086,-0.12832,51.515243,-0.141953,1592.339067,$150.00 
51.50105,-0.12954,51.515243,-0.141953,2096.616344,$150.00 
51.48785,-0.15107,51.515243,-0.141953,3210.22655,$150.00 
51.47955,-0.21285,51.515243,-0.141953,8826.079485,$150.00 
51.49951,-0.19693,51.515243,-0.141953,6358.56013,$150.00 
51.52066,-0.17512,51.515243,-0.141953,3736.869126,$150.00 
51.51344,-0.11972,51.515243,-0.141953,2480.314215,$150.00 
51.5233,-0.14119,51.515243,-0.141953,899.9036812,$150.00 
51.51951,-0.13472,51.515243,-0.141953,933.7962046,$150.00 
51.51385,-0.18258,51.515243,-0.141953,4520.173792,$151.00 
51.51002,-0.12207,51.515243,-0.141953,2285.897868,$153.00 
51.52081,-0.12323,51.515243,-0.141953,2171.98321,$155.00 
51.5203,-0.15739,51.515243,-0.141953,1806.273732,$155.00 
51.5194,-0.11084,51.515243,-0.141953,3490.352938,$159.00 
51.51901,-0.11209,51.515243,-0.141953,3346.930611,$159.00 
51.51035,-0.1289,51.515243,-0.141953,1550.052415,$159.00 
51.51688,-0.10351,51.515243,-0.141953,4278.543049,$162.00 
51.49261,-0.16526,51.515243,-0.141953,3612.493688,$165.00 
51.51481,-0.17269,51.515243,-0.141953,3418.139719,$165.00 
51.52095,-0.15797,51.515243,-0.141953,1890.687375,$165.00 
51.55653,-0.17348,51.515243,-0.141953,5776.312476,$166.67 
51.50849,-0.23387,51.515243,-0.141953,10248.25663,$167.00 
51.51586,-0.12347,51.515243,-0.141953,2056.361921,$170.00 
51.51268,-0.12085,51.515243,-0.141953,2363.791041,$174.00 
51.53714,-0.15347,51.515243,-0.141953,2751.074007,$175.00 
51.52381,-0.1389,51.515243,-0.141953,1011.28696,$175.00 
51.52197,-0.14035,51.515243,-0.141953,768.9507176,$179.00 
51.51366,-0.10327,51.515243,-0.141953,4304.956142,$180.00 
51.51237,-0.15268,51.515243,-0.141953,1234.828318,$181.67 
51.51816,-0.16574,51.515243,-0.141953,2664.808881,$188.00 
51.51997,-0.1344,51.515243,-0.141953,990.7730956,$190.00 
51.50832,-0.1408,51.515243,-0.141953,780.4039129,$190.00 
51.49509,-0.1652,51.515243,-0.141953,3421.054691,$193.00 
51.53956,-0.05472,51.515243,-0.141953,10069.69526,$195.00 
51.55039,-0.17041,51.515243,-0.141953,5028.548951,$200.00 
51.5527,-0.10987,51.515243,-0.141953,5483.999897,$200.00 
51.51141,-0.10462,51.515243,-0.141953,4173.065004,$200.00 
51.51201,-0.1052,51.515243,-0.141953,4102.530711,$200.00 
51.5115,-0.1046,51.515243,-0.141953,4174.267589,$200.00 
51.51353,-0.10344,51.515243,-0.141953,4286.686857,$200.00 
51.52557,-0.16187,51.515243,-0.141953,2494.669018,$200.00 
51.51209,-0.14758,51.515243,-0.141953,717.2247255,$206.00 
51.52216,-0.15308,51.515243,-0.141953,1456.844052,$213.33 
51.51691,-0.15862,51.515243,-0.141953,1862.533639,$216.00 
51.52405,-0.16183,51.515243,-0.141953,2417.45635,$222.00 
51.51966,-0.14108,51.515243,-0.141953,500.6479819,$225.00 
51.48895,-0.14334,51.515243,-0.141953,2927.705958,$236.00 
51.51212,-0.13458,51.515243,-0.141953,890.3533013,$240.50 
51.51152,-0.14482,51.515243,-0.141953,522.5020754,$244.00 
51.51198,-0.17735,51.515243,-0.141953,3952.65709,$249.50 
51.51985,-0.1408,51.515243,-0.141953,528.0735706,$250.00 
51.51168,-0.14521,51.515243,-0.141953,536.7728868,$250.00 
51.50431,-0.22044,51.515243,-0.141953,8811.624948,$250.00 
51.49575,-0.15958,51.515243,-0.141953,2922.303579,$265.00 
51.5128,-0.13537,51.515243,-0.141953,780.7765906,$275.00 
51.51385,-0.13285,51.515243,-0.141953,1023.990898,$305.00 
51.51326,-0.13339,51.515243,-0.141953,977.3606069,$309.50 
51.52864,-0.18484,51.515243,-0.141953,4996.074853,$316.67 
51.51474,-0.13355,51.515243,-0.141953,936.0440547,$344.50 
51.49906,-0.22803,51.515243,-0.141953,9739.015698,$350.00 
51.56436,-0.05033,51.515243,-0.141953,11559.60206,$390.00 
51.51463,-0.1332,51.515243,-0.141953,975.6736895,$394.50 
51.51584,-0.14993,51.515243,-0.141953,889.4830739,$398.00 
