{
"940GZZLUKNB":90,
"940GZZLUCHX":89,
"940GZZLUGPK":89,
"940GZZDLCAN":88,
"940GZZDLHEQ":88,
"940GZZLUCYF":88,
"940GZZLUTMP":88,
"940GZZLUHPC":88,
"940GZZLUHSK":88,
"940GZZLUPNR":88,
"940GZZLUCYD":88,
"940GZZLUHPK":88,
"940GZZLUBZP":88,
"940GZZLUQWY":87,
"940GZZLUHTD":87,
"910GHMPSTDH":87,
"940GZZLUCGN":87,
"940GZZLULSQ":87,
"940GZZLUCAL":87,
"940GZZLUGTR":87,
"940GZZLUSSQ":87,
"940GZZLUKWG":87,
"940GZZLULGT":87,
"940GZZLUEMB":87,
"940GZZLUWSM":87,
"940GZZLUBKF":87,
"940GZZLUBNK":87,
"940GZZLUCST":87,
"940GZZLULVT":87,
"940GZZLUMMT":87,
"940GZZLUMSH":87,
"940GZZLUSPU":87,
"940GZZLUSJW":86,
"940GZZLUOSY":86,
"940GZZLUWAF":86,
"940GZZLUMBA":86,
"940GZZLUSWC":86,
"940GZZLUNHG":86,
"940GZZLUMHL":86,
"940GZZLUHGR":86,
"940GZZLUBST":86,
"940GZZLUSKS":86,
"940GZZLUBBN":86,
"910GFNCHLYR":86,
"910GKENR":86,
"940GZZLUICK":86,
"940GZZLUKBY":86,
"940GZZLUSBC":86,
"9400ZZCRCOO":85,
"940GZZLUCHL":85,
"940GZZLUFYC":85,
"940GZZLUPCC":85,
"940GZZLUHGT":85,
"940GZZLUCXY":85,
"940GZZLUFCN":85,
"940GZZLURYL":85,
"940GZZLUBND":85,
"940GZZLUHBN":85,
"940GZZLUPYB":85,
"940GZZLUWIP":85,
"940GZZLUFYR":85,
"940GZZLUEFY":85,
"940GZZLUGTH":85,
"940GZZLUPAC":85,
"940GZZLUPVL":85,
"940GZZLUUPM":85,
"940GZZLUCKS":85,
"940GZZLUECT":85,
"940GZZLUPAH":85,
"940GZZLUTWH":85,
"940GZZLUMYB":85,
"910GHEDSTNL":85,
"940GZZLUAMS":85,
"940GZZLUWHP":85,
"940GZZLURSQ":85,
"940GZZLUNHA":85,
"940GZZLURMD":84,
"940GZZLULGN":84,
"910GSHENFLD":84,
"910GTHBLDSG":84,
"940GZZCRGRA":84,
"940GZZLUDBN":84,
"940GZZCRDDR":84,
"940GZZLUKOY":84,
"940GZZLUEPY":84,
"940GZZLUOAK":84,
"910GCHESHNT":84,
"940GZZLUBWT":84,
"940GZZLUHWE":84,
"940GZZLURSM":84,
"940GZZLUEAE":84,
"940GZZLUMVL":84,
"910GTWYFORD":84,
"940GZZLUEGW":84,
"940GZZLUSTM":84,
"940GZZLUSKT":84,
"940GZZLUWIM":84,
"910GHTCHEND":84,
"940GZZLUPRD":84,
"940GZZLUWKA":84,
"940GZZLUPSG":84,
"940GZZLUVIC":84,
"940GZZCRMDN":84,
"940GZZCRMTP":84,
"940GZZLUSFS":84,
"940GZZLUHGD":84,
"940GZZLUSJP":84,
"940GZZLUWHW":84,
"940GZZLUKEN":84,
"910GENFLDTN":84,
"940GZZLUKPK":84,
"940GZZLUKSL":84,
"940GZZLUBLR":84,
"940GZZLUNWH":84,
"910GGOSPLOK":84,
"940GZZLUUPB":84,
"940GZZLUWSD":84,
"940GZZLUFLP":84,
"940GZZLUTCR":84,
"940GZZLUSGT":84,
"940GZZLUERB":84,
"940GZZLUERC":84,
"910GBRBYPK":84,
"940GZZLUNOW":84,
"940GZZLUWFN":84,
"940GZZLUMGT":84,
"940GZZDLSOQ":84,
"940GZZLUSHH":83,
"940GZZLUNWY":83,
"940GZZDLBPK":83,
"940GZZLUGBY":83,
"940GZZLUADE":83,
"940GZZLUALD":83,
"940GZZLUCFM":83,
"940GZZDLTWG":83,
"940GZZLUPKR":83,
"940GZZLUNHT":83,
"940GZZLURGP":83,
"910GLANGLEY":83,
"940GZZLUWOF":83,
"940GZZLUASG":83,
"940GZZCRBEK":83,
"940GZZLURSP":83,
"940GZZCRADV":83,
"940GZZLU960":83,
"940GZZLUSWF":83,
"910GSHMPSTD":83,
"940GZZLUSUH":83,
"940GZZLUMPK":83,
"910GSTMFDHL":83,
"910GBHILLPK":83,
"910GHGHMSPK":83,
"940GZZLUGGN":83,
"940GZZLUWIG":83,
"910GWNSTDPK":83,
"940GZZLUTNG":83,
"940GZZLULAD":83,
"940GZZCRBRD":83,
"910GACTONML":83,
"940GZZLUGDG":83,
"940GZZLUHCL":83,
"940GZZLUWTA":83,
"940GZZLUNFD":83,
"940GZZDLMUD":83,
"940GZZLUCWL":83,
"940GZZLUPCO":83,
"940GZZLUBOS":83,
"940GZZLUEPG":83,
"940GZZLUGPS":83,
"910GIVER":83,
"940GZZLUCSD":83,
"940GZZLURSG":83,
"940GZZCRLOY":83,
"940GZZLURBG":83,
"940GZZCRELM":83,
"940GZZLUTPN":83,
"940GZZLUWOG":83,
"940GZZLUTAW":83,
"910GDENMRKH":83,
"910GSTKNWNG":83,
"940GZZCRAVE":83,
"940GZZCRBIR":83,
"910GSBURY":83,
"910GTAPLOW":83,
"940GZZLUALP":83,
"910GHONROPK":83,
"940GZZLUSUT":83,
"940GZZLUHOH":83,
"940GZZCRFLD":83,
"940GZZCRTPA":83,
"940GZZLUQBY":83,
"910GCHINGFD":83,
"910GGIDEAPK":82,
"910GSACTON":82,
"940GZZLUCPK":82,
"940GZZLUACT":82,
"940GZZCRBLA":82,
"940GZZLUFBY":82,
"910GCLPHHS":82,
"940GZZDLBEC":82,
"910GHANWELL":82,
"940GZZLURYO":82,
"940GZZLUSNB":82,
"910GMDNHEAD":82,
"940GZZDLDEV":82,
"940GZZDLCYP":82,
"910GKLBRNHR":82,
"910GWEALING":82,
"940GZZLUCWP":82,
"940GZZLUHAW":82,
"940GZZLUHBT":82,
"940GZZLUDOH":82,
"910GKNTSHTW":82,
"940GZZDLKGV":82,
"940GZZDLLCA":82,
"940GZZDLPDK":82,
"940GZZDLWSV":82,
"940GZZCRADD":82,
"910G950":82,
"910GBRTWOOD":82,
"940GZZDLPOP":82,
"940GZZDLWIQ":82,
"940GZZLUEBY":82,
"940GZZLUNAN":82,
"940GZZLUNEN":82,
"940GZZLUNKP":82,
"940GZZLURVY":82,
"910GEMRSPKH":82,
"940GZZLUMDN":82,
"940GZZLUBWR":82,
"940GZZLUTBC":82,
"940GZZLUUPK":82,
"940GZZLUHCH":82,
"910GBRBY":82,
"910GHRLDWOD":82,
"940GZZLUQPS":82,
"940GZZLUESQ":82,
"940GZZLUWRR":82,
"940GZZLUHWC":82,
"940GZZLUKSX":82,
"940GZZLUCPN":82,
"940GZZLUNBP":82,
"940GZZLUCPS":82,
"910GHRGYGL":82,
"940GZZLUHAI":82,
"940GZZDLISL":82,
"940GZZLUCND":82,
"910GHAYESAH":82,
"910GSVNKNGS":82,
"910GDALS":82,
"940GZZDLBOW":82,
"940GZZLUBKE":82,
"940GZZLUGHK":82,
"940GZZLUWOP":82,
"940GZZLUSEA":82,
"940GZZDLBLA":82,
"940GZZDLEIN":82,
"940GZZLUSWN":82,
"940GZZLUBXN":82,
"910GROMFORD":82,
"910GWAPPING":82,
"940GZZLUUPY":82,
"940GZZLUBLM":82,
"940GZZDLCUT":82,
"940GZZDLGRE":82,
"940GZZLUGFD":82,
"940GZZLUNDN":82,
"940GZZLUTHB":82,
"940GZZLUUXB":82,
"940GZZCRBED":82,
"940GZZLUBDS":82,
"910GCNNB":82,
"910GCROUCHH":82,
"940GZZDLWFE":82,
"940GZZLULYN":82,
"910GRCTRYRD":82,
"910GWATFDJ":82,
"910GBUSHEY":82,
"940GZZLUEPK":82,
"940GZZLULNB":82,
"940GZZLURKW":82,
"940GZZDLSHA":82,
"940GZZLUOXC":82,
"940GZZLUSRP":82,
"940GZZCRAMP":81,
"940GZZLUBSC":81,
"910GCRPNDPK":81,
"940GZZLUBKG":81,
"940GZZLUWYC":81,
"910GDALSKLD":81,
"910GGODMAYS":81,
"940GZZDLPUD":81,
"940GZZDLSIT":81,
"940GZZDLCLA":81,
"940GZZCRHAR":81,
"940GZZLUMRH":81,
"940GZZLUWJN":81,
"940GZZLUSFB":81,
"940GZZLUWYP":81,
"910GFORESTH":81,
"910GCMDNRD":81,
"910GWLTHQRD":81,
"940GZZALGWP":81,
"940GZZLULBN":81,
"940GZZLUNGW":81,
"940GZZLUWLO":81,
"940GZZLUWBN":81,
"940GZZCRLEB":81,
"940GZZCRSAN":81,
"940GZZDLLIM":81,
"910GEDMNGRN":81,
"910GFRSTGT":81,
"940GZZLUWSP":81,
"940GZZLUBBB":81,
"940GZZLUKNG":81,
"940GZZDLABR":81,
"940GZZLUKBN":81,
"910GABWD":81,
"940GZZLUHSN":81,
"940GZZLUVXL":81,
"940GZZLU991":81,
"940GZZLUBKH":81,
"940GZZLUCSM":81,
"940GZZLUWRP":81,
"910GCHDWLHT":81,
"940GZZLUEAN":81,
"940GZZLUEHM":81,
"910GSTOTNHM":81,
"940GZZLULRD":81,
"940GZZLUOVL":81,
"910GLYTNSHR":81,
"910GACTNCTL":81,
"940GZZLUHLT":81,
"940GZZLULYS":81,
"940GZZDLRAL":81,
"940GZZLUWHM":81,
"940GZZLUWKN":81,
"910GBRUCGRV":81,
"940GZZLUKSH":81,
"940GZZLUHNX":81,
"940GZZLURVP":81,
"940GZZLUMED":81,
"940GZZDLSHS":81,
"940GZZLUSWK":81,
"910GPENEW":81,
"910GCLDNNRB":81,
"940GZZLUBMY":81,
"910GPCKHMRY":81,
"910GRTHERHI":81,
"940GZZLUBTX":81,
"940GZZLUCWR":81,
"940GZZLUFPK":81,
"940GZZLUHWT":81,
"910GSTHALL":81,
"910GCSEAH":81,
"940GZZCRARA":81,
"940GZZCRWOD":81,
"940GZZLUEUS":80,
"940GZZLUSTD":80,
"910GNORWDJ":80,
"9400ZZCRKGH":80,
"910GILFORD":80,
"940GZZLUCTN":80,
"940GZZLUGGH":80,
"940GZZLUPLW":80,
"910GUPRHLWY":80,
"940GZZLU990":80,
"940GZZLUTBY":80,
"940GZZLUSDH":80,
"940GZZLUTFP":80,
"940GZZLUAGL":80,
"940GZZLUASL":80,
"940GZZLUEAC":80,
"910GSURREYQ":80,
"940GZZDLGAL":80,
"940GZZLUECM":80,
"940GZZLUTMH":80,
"910GCLPHMJ1":80,
"910GBATRSPK":80,
"910GCRYSTLP":80,
"910GHOMRTON":80,
"910GWDST":80,
"910GHAGGERS":80,
"940GZZLUMTC":80,
"910GCLAPTON":80,
"910GLEYTNMR":80,
"910GSHRDHST":80,
"910GHACKNYC":80,
"910GHAKNYNM":80,
"940GZZCRMCH":80,
"940GZZCRMJT":80,
"940GZZDLDEP":80,
"940GZZLUODS":80,
"940GZZLUSBM":80,
"910GSTJMSST":80,
"940GZZCRBGV":80,
"940GZZCRWAD":80,
"940GZZCRPHI":80,
"940GZZLUHR4":80,
"940GZZLUHR5":80,
"940GZZLUHRC":80,
"940GZZLUCGT":80,
"940GZZLUWWL":80,
"940GZZLUSVS":80,
"910GBROCKLY":80,
"940GZZLUBEC":80,
"940GZZLUCAR":80,
"940GZZLUSGP":80,
"910GWHHRTLA":80,
"910GBNHAM":80,
"910GTURKYST":80,
"910GWATFDHS":80,
"910GWDRYTON":80,
"910GWNDSWRD":80,
"910GBTHNLGR":80,
"940GZZLUSGN":80,
"940GZZLUWCY":79,
"940GZZLUWLA":79,
"940GZZLUBOR":79,
"910GANERLEY":79,
"940GZZLUHSC":79,
"910GNWCRELL":79,
"940GZZLUCPC":79,
"940GZZDLALL":79,
"940GZZCRECR":79,
"910GNEWXGTE":79,
"910GSLOUGH":79,
"940GZZDLSTL":79,
"940GZZLUHWY":79,
"940GZZLUDGY":79,
"940GZZCRNWA":79,
"940GZZLUBTK":79,
"910G971":79,
"940GZZLUSKW":79,
"910GMRYLAND":79,
"910GMANRPK":79,
"910GWDGRNPK":79,
"940GZZDLLEW":79,
"910GRDNGSTN":79,
"940GZZCRRVC":79,
"940GZZCRWAN":79,
"910GHOXTON":79,
"940GZZLUACY":79,
"910GSYDENHM":79,
"910GSIVRST":79,
"940GZZDLELV":79,
"910GLONFLDS":79,
"940GZZLUBLG":78,
"940GZZCRCHR":78,
"910GCAMHTH":78,
"940GZZDLLDP":78,
"940GZZDLWLA":78,
"940GZZALRDK":78,
"940GZZDLRVC":78,
"940GZZLU961":78,
"940GZZLUHSD":78,
"910GWCROYDN":77,
"940GZZCRCEN":77,
"940GZZCRCTR":77,
"910GPCKHMQD":77,
"910GHACKNYW":77,
"940GZZLUDGE":77,
"940GZZDLCUS":77,
"940GZZCRWEL":77,
"940GZZDLPRE":76,
"940GZZLUWPL":75
}