{
"type": "FeatureCollection",
"crs": { "type": "name", "properties": { "name": "urn:ogc:def:crs:OGC:1.3:CRS84" } },
                                                                                
"features": [
{ "type": "Feature", "properties": { "id": null, "name": "Caterham", "tfl_intid": null, "lines": null, "cartography": null, "altid": null, "tfl_statid": null, "night": null, "altid2": null, "zone": "6" }, "geometry": { "type": "Point", "coordinates": [ -0.078427638953409, 51.282075965908646 ] } },
{ "type": "Feature", "properties": { "id": null, "name": "Whyteleafe South", "tfl_intid": null, "lines": null, "cartography": null, "altid": null, "tfl_statid": null, "night": null, "altid2": null, "zone": "6" }, "geometry": { "type": "Point", "coordinates": [ -0.076747933068562, 51.303173999645225 ] } },
{ "type": "Feature", "properties": { "id": null, "name": "Upper Warlingham", "tfl_intid": null, "lines": null, "cartography": null, "altid": null, "tfl_statid": null, "night": null, "altid2": null, "zone": "6" }, "geometry": { "type": "Point", "coordinates": [ -0.077807864610436, 51.308440291527887 ] } },
{ "type": "Feature", "properties": { "id": null, "name": "Whyteleafe", "tfl_intid": null, "lines": null, "cartography": null, "altid": null, "tfl_statid": null, "night": null, "altid2": null, "zone": "6" }, "geometry": { "type": "Point", "coordinates": [ -0.080992496100169, 51.30971118197774 ] } },
{ "type": "Feature", "properties": { "id": null, "name": "Streatham Common", "tfl_intid": null, "lines": null, "cartography": null, "altid": null, "tfl_statid": null, "night": null, "altid2": null, "zone": "3" }, "geometry": { "type": "Point", "coordinates": [ -0.136091311917016, 51.41877085064916 ] } },
{ "type": "Feature", "properties": { "id": null, "name": "Tooting", "tfl_intid": null, "lines": null, "cartography": null, "altid": null, "tfl_statid": null, "night": null, "altid2": null, "zone": "3" }, "geometry": { "type": "Point", "coordinates": [ -0.161159142468503, 51.419777062037689 ] } },
{ "type": "Feature", "properties": { "id": null, "name": "Haydons Road", "tfl_intid": null, "lines": null, "cartography": null, "altid": null, "tfl_statid": null, "night": null, "altid2": null, "zone": "3" }, "geometry": { "type": "Point", "coordinates": [ -0.189183109452815, 51.425397968186843 ] } },
{ "type": "Feature", "properties": { "id": null, "name": "Earlsfield", "tfl_intid": null, "lines": null, "cartography": null, "altid": null, "tfl_statid": null, "night": null, "altid2": null, "zone": "3" }, "geometry": { "type": "Point", "coordinates": [ -0.187612806119658, 51.442276286819592 ] } },
{ "type": "Feature", "properties": { "id": null, "name": "Feltham", "tfl_intid": null, "lines": null, "cartography": null, "altid": null, "tfl_statid": null, "night": null, "altid2": null, "zone": "6" }, "geometry": { "type": "Point", "coordinates": [ -0.408818260146323, 51.448108985898749 ] } },
{ "type": "Feature", "properties": { "id": null, "name": "Whitton", "tfl_intid": null, "lines": null, "cartography": null, "altid": null, "tfl_statid": null, "night": null, "altid2": null, "zone": "5" }, "geometry": { "type": "Point", "coordinates": [ -0.357750052485868, 51.449426435029828 ] } },
{ "type": "Feature", "properties": { "id": null, "name": "Putney", "tfl_intid": null, "lines": null, "cartography": null, "altid": null, "tfl_statid": null, "night": null, "altid2": null, "zone": "2\/3" }, "geometry": { "type": "Point", "coordinates": [ -0.216523470052384, 51.461043014097882 ] } },
{ "type": "Feature", "properties": { "id": null, "name": "Twickenham", "tfl_intid": null, "lines": null, "cartography": null, "altid": null, "tfl_statid": null, "night": null, "altid2": null, "zone": "5" }, "geometry": { "type": "Point", "coordinates": [ -0.330396718322907, 51.449967065116681 ] } },
{ "type": "Feature", "properties": { "id": null, "name": "Wandsworth Town", "tfl_intid": null, "lines": null, "cartography": null, "altid": null, "tfl_statid": null, "night": null, "altid2": null, "zone": "2" }, "geometry": { "type": "Point", "coordinates": [ -0.18792480198159, 51.461044161979075 ] } },
{ "type": "Feature", "properties": { "id": null, "name": "St Margarets", "tfl_intid": null, "lines": null, "cartography": null, "altid": null, "tfl_statid": null, "night": null, "altid2": null, "zone": "4" }, "geometry": { "type": "Point", "coordinates": [ -0.320155680723709, 51.455179609862313 ] } },
{ "type": "Feature", "properties": { "id": null, "name": "Hounslow", "tfl_intid": null, "lines": null, "cartography": null, "altid": null, "tfl_statid": null, "night": null, "altid2": null, "zone": "5" }, "geometry": { "type": "Point", "coordinates": [ -0.362107592262499, 51.461899980532394 ] } },
{ "type": "Feature", "properties": { "id": null, "name": "North Sheen", "tfl_intid": null, "lines": null, "cartography": null, "altid": null, "tfl_statid": null, "night": null, "altid2": null, "zone": "3" }, "geometry": { "type": "Point", "coordinates": [ -0.2865368110542, 51.465336758233029 ] } },
{ "type": "Feature", "properties": { "id": null, "name": "Isleworth", "tfl_intid": null, "lines": null, "cartography": null, "altid": null, "tfl_statid": null, "night": null, "altid2": null, "zone": "4" }, "geometry": { "type": "Point", "coordinates": [ -0.336862609768569, 51.474845333860074 ] } },
{ "type": "Feature", "properties": { "id": null, "name": "Syon Lane", "tfl_intid": null, "lines": null, "cartography": null, "altid": null, "tfl_statid": null, "night": null, "altid2": null, "zone": "4" }, "geometry": { "type": "Point", "coordinates": [ -0.325007803888929, 51.481620340129155 ] } },
{ "type": "Feature", "properties": { "id": null, "name": "Brentford", "tfl_intid": null, "lines": null, "cartography": null, "altid": null, "tfl_statid": null, "night": null, "altid2": null, "zone": "4" }, "geometry": { "type": "Point", "coordinates": [ -0.309696859277778, 51.487582538687327 ] } },
{ "type": "Feature", "properties": { "id": null, "name": "Kew Bridge", "tfl_intid": null, "lines": null, "cartography": null, "altid": null, "tfl_statid": null, "night": null, "altid2": null, "zone": "3" }, "geometry": { "type": "Point", "coordinates": [ -0.287451322528186, 51.489521461630872 ] } },
{ "type": "Feature", "properties": { "id": null, "name": "Streatham", "tfl_intid": null, "lines": null, "cartography": null, "altid": null, "tfl_statid": null, "night": null, "altid2": null, "zone": "3" }, "geometry": { "type": "Point", "coordinates": [ -0.1312892614426, 51.425906708800127 ] } },
{ "type": "Feature", "properties": { "id": null, "name": "Streatham Hill", "tfl_intid": null, "lines": null, "cartography": null, "altid": null, "tfl_statid": null, "night": null, "altid2": null, "zone": "3" }, "geometry": { "type": "Point", "coordinates": [ -0.127095601662127, 51.438141219607282 ] } },
{ "type": "Feature", "properties": { "id": null, "name": "Norbury", "tfl_intid": null, "lines": null, "cartography": null, "altid": null, "tfl_statid": null, "night": null, "altid2": null, "zone": "3" }, "geometry": { "type": "Point", "coordinates": [ -0.122076915721284, 51.411268822973021 ] } },
{ "type": "Feature", "properties": { "id": null, "name": "Chessington South", "tfl_intid": null, "lines": null, "cartography": null, "altid": null, "tfl_statid": null, "night": null, "altid2": null, "zone": "6" }, "geometry": { "type": "Point", "coordinates": [ -0.308238165927927, 51.356522485715232 ] } },
{ "type": "Feature", "properties": { "id": null, "name": "Tulse Hill", "tfl_intid": null, "lines": null, "cartography": null, "altid": null, "tfl_statid": null, "night": null, "altid2": null, "zone": "3" }, "geometry": { "type": "Point", "coordinates": [ -0.105156861329914, 51.439708632421798 ] } },
{ "type": "Feature", "properties": { "id": null, "name": "Chessington North", "tfl_intid": null, "lines": null, "cartography": null, "altid": null, "tfl_statid": null, "night": null, "altid2": null, "zone": "6" }, "geometry": { "type": "Point", "coordinates": [ -0.300750056500938, 51.36390980495085 ] } },
{ "type": "Feature", "properties": { "id": null, "name": "West Norwood", "tfl_intid": null, "lines": null, "cartography": null, "altid": null, "tfl_statid": null, "night": null, "altid2": null, "zone": "3" }, "geometry": { "type": "Point", "coordinates": [ -0.103881604624448, 51.431727184010555 ] } },
{ "type": "Feature", "properties": { "id": null, "name": "Loughborough Junction", "tfl_intid": null, "lines": null, "cartography": null, "altid": null, "tfl_statid": null, "night": null, "altid2": null, "zone": "2" }, "geometry": { "type": "Point", "coordinates": [ -0.102254575268201, 51.466130781138318 ] } },
{ "type": "Feature", "properties": { "id": null, "name": "Herne Hill", "tfl_intid": null, "lines": null, "cartography": null, "altid": null, "tfl_statid": null, "night": null, "altid2": null, "zone": "2\/3" }, "geometry": { "type": "Point", "coordinates": [ -0.102623383793218, 51.453908687650127 ] } },
{ "type": "Feature", "properties": { "id": null, "name": "Hinchley Wood", "tfl_intid": null, "lines": null, "cartography": null, "altid": null, "tfl_statid": null, "night": null, "altid2": null, "zone": "Z" }, "geometry": { "type": "Point", "coordinates": [ -0.340475213731825, 51.374951763772721 ] } },
{ "type": "Feature", "properties": { "id": null, "name": "West Dulwich", "tfl_intid": null, "lines": null, "cartography": null, "altid": null, "tfl_statid": null, "night": null, "altid2": null, "zone": "3" }, "geometry": { "type": "Point", "coordinates": [ -0.091603638661971, 51.441020206784799 ] } },
{ "type": "Feature", "properties": { "id": null, "name": "Esher", "tfl_intid": null, "lines": null, "cartography": null, "altid": null, "tfl_statid": null, "night": null, "altid2": null, "zone": "Z" }, "geometry": { "type": "Point", "coordinates": [ -0.352859196349736, 51.379961171664469 ] } },
{ "type": "Feature", "properties": { "id": null, "name": "North Dulwich", "tfl_intid": null, "lines": null, "cartography": null, "altid": null, "tfl_statid": null, "night": null, "altid2": null, "zone": "2\/3" }, "geometry": { "type": "Point", "coordinates": [ -0.088306497474039, 51.454178309011745 ] } },
{ "type": "Feature", "properties": { "id": null, "name": "Gipsy Hill", "tfl_intid": null, "lines": null, "cartography": null, "altid": null, "tfl_statid": null, "night": null, "altid2": null, "zone": "3" }, "geometry": { "type": "Point", "coordinates": [ -0.083840209777605, 51.424416620469025 ] } },
{ "type": "Feature", "properties": { "id": null, "name": "Thames Ditton", "tfl_intid": null, "lines": null, "cartography": null, "altid": null, "tfl_statid": null, "night": null, "altid2": null, "zone": "6" }, "geometry": { "type": "Point", "coordinates": [ -0.339101062064095, 51.38885095443095 ] } },
{ "type": "Feature", "properties": { "id": null, "name": "East Dulwich", "tfl_intid": null, "lines": null, "cartography": null, "altid": null, "tfl_statid": null, "night": null, "altid2": null, "zone": "2" }, "geometry": { "type": "Point", "coordinates": [ -0.080331807817353, 51.46158307336713 ] } },
{ "type": "Feature", "properties": { "id": null, "name": "Surbiton", "tfl_intid": null, "lines": null, "cartography": null, "altid": null, "tfl_statid": null, "night": null, "altid2": null, "zone": "6" }, "geometry": { "type": "Point", "coordinates": [ -0.30426893885575, 51.392455081173921 ] } },
{ "type": "Feature", "properties": { "id": null, "name": "Sydenham Hill", "tfl_intid": null, "lines": null, "cartography": null, "altid": null, "tfl_statid": null, "night": null, "altid2": null, "zone": "3" }, "geometry": { "type": "Point", "coordinates": [ -0.08017842445738, 51.432551178653185 ] } },
{ "type": "Feature", "properties": { "id": null, "name": "Chiswick", "tfl_intid": null, "lines": null, "cartography": null, "altid": null, "tfl_statid": null, "night": null, "altid2": null, "zone": "3" }, "geometry": { "type": "Point", "coordinates": [ -0.268000388239925, 51.481010506050616 ] } },
{ "type": "Feature", "properties": { "id": null, "name": "Mortlake", "tfl_intid": null, "lines": null, "cartography": null, "altid": null, "tfl_statid": null, "night": null, "altid2": null, "zone": "3" }, "geometry": { "type": "Point", "coordinates": [ -0.267038891960057, 51.468013851034549 ] } },
{ "type": "Feature", "properties": { "id": null, "name": "Hampton Court", "tfl_intid": null, "lines": null, "cartography": null, "altid": null, "tfl_statid": null, "night": null, "altid2": null, "zone": "6" }, "geometry": { "type": "Point", "coordinates": [ -0.342658480953545, 51.402070963378478 ] } },
{ "type": "Feature", "properties": { "id": null, "name": "Kingston", "tfl_intid": null, "lines": null, "cartography": null, "altid": null, "tfl_statid": null, "night": null, "altid2": null, "zone": "6" }, "geometry": { "type": "Point", "coordinates": [ -0.301087496647408, 51.412791605091464 ] } },
{ "type": "Feature", "properties": { "id": null, "name": "Hampton Wick", "tfl_intid": null, "lines": null, "cartography": null, "altid": null, "tfl_statid": null, "night": null, "altid2": null, "zone": "6" }, "geometry": { "type": "Point", "coordinates": [ -0.312417484641659, 51.414581458998946 ] } },
{ "type": "Feature", "properties": { "id": null, "name": "Hampton", "tfl_intid": null, "lines": null, "cartography": null, "altid": null, "tfl_statid": null, "night": null, "altid2": null, "zone": "6" }, "geometry": { "type": "Point", "coordinates": [ -0.371781645020548, 51.415924811065537 ] } },
{ "type": "Feature", "properties": { "id": null, "name": "Barnes Bridge", "tfl_intid": null, "lines": null, "cartography": null, "altid": null, "tfl_statid": null, "night": null, "altid2": null, "zone": "3" }, "geometry": { "type": "Point", "coordinates": [ -0.252334485099838, 51.471755470474115 ] } },
{ "type": "Feature", "properties": { "id": null, "name": "Redhill", "tfl_intid": null, "lines": null, "cartography": null, "altid": null, "tfl_statid": null, "night": null, "altid2": null, "zone": "R" }, "geometry": { "type": "Point", "coordinates": [ -0.16552236411979, 51.239960181048509 ] } },
{ "type": "Feature", "properties": { "id": null, "name": "Nunhead", "tfl_intid": null, "lines": null, "cartography": null, "altid": null, "tfl_statid": null, "night": null, "altid2": null, "zone": "2" }, "geometry": { "type": "Point", "coordinates": [ -0.052372941682069, 51.466817581663392 ] } },
{ "type": "Feature", "properties": { "id": null, "name": "Teddington", "tfl_intid": null, "lines": null, "cartography": null, "altid": null, "tfl_statid": null, "night": null, "altid2": null, "zone": "6" }, "geometry": { "type": "Point", "coordinates": [ -0.332586052509302, 51.424389574537905 ] } },
{ "type": "Feature", "properties": { "id": null, "name": "Barnes", "tfl_intid": null, "lines": null, "cartography": null, "altid": null, "tfl_statid": null, "night": null, "altid2": null, "zone": "3" }, "geometry": { "type": "Point", "coordinates": [ -0.241500565258882, 51.466724849986548 ] } },
{ "type": "Feature", "properties": { "id": null, "name": "Fulwell", "tfl_intid": null, "lines": null, "cartography": null, "altid": null, "tfl_statid": null, "night": null, "altid2": null, "zone": "6" }, "geometry": { "type": "Point", "coordinates": [ -0.349469847966453, 51.433753981728657 ] } },
{ "type": "Feature", "properties": { "id": null, "name": "Merstham", "tfl_intid": null, "lines": null, "cartography": null, "altid": null, "tfl_statid": null, "night": null, "altid2": null, "zone": "R" }, "geometry": { "type": "Point", "coordinates": [ -0.150061179543031, 51.264061481406983 ] } },
{ "type": "Feature", "properties": { "id": null, "name": "Strawberry Hill", "tfl_intid": null, "lines": null, "cartography": null, "altid": null, "tfl_statid": null, "night": null, "altid2": null, "zone": "5" }, "geometry": { "type": "Point", "coordinates": [ -0.339304456878374, 51.439216544718519 ] } },
{ "type": "Feature", "properties": { "id": null, "name": "Tadworth", "tfl_intid": null, "lines": null, "cartography": null, "altid": null, "tfl_statid": null, "night": null, "altid2": null, "zone": "6" }, "geometry": { "type": "Point", "coordinates": [ -0.236057336729442, 51.291718872180837 ] } },
{ "type": "Feature", "properties": { "id": null, "name": "Kingswood", "tfl_intid": null, "lines": null, "cartography": null, "altid": null, "tfl_statid": null, "night": null, "altid2": null, "zone": "6" }, "geometry": { "type": "Point", "coordinates": [ -0.211171956188081, 51.294622323453225 ] } },
{ "type": "Feature", "properties": { "id": null, "name": "Tattenham Corner", "tfl_intid": null, "lines": null, "cartography": null, "altid": null, "tfl_statid": null, "night": null, "altid2": null, "zone": "6" }, "geometry": { "type": "Point", "coordinates": [ -0.242445651998309, 51.30909944602999 ] } },
{ "type": "Feature", "properties": { "id": null, "name": "Chipstead", "tfl_intid": null, "lines": null, "cartography": null, "altid": null, "tfl_statid": null, "night": null, "altid2": null, "zone": "6" }, "geometry": { "type": "Point", "coordinates": [ -0.169386592826922, 51.309246586954885 ] } },
{ "type": "Feature", "properties": { "id": null, "name": "Coulsdon South", "tfl_intid": null, "lines": null, "cartography": null, "altid": null, "tfl_statid": null, "night": null, "altid2": null, "zone": "6" }, "geometry": { "type": "Point", "coordinates": [ -0.137822517694417, 51.315700645266382 ] } },
{ "type": "Feature", "properties": { "id": null, "name": "Woodmansterne", "tfl_intid": null, "lines": null, "cartography": null, "altid": null, "tfl_statid": null, "night": null, "altid2": null, "zone": "6" }, "geometry": { "type": "Point", "coordinates": [ -0.153722566480506, 51.318969042161271 ] } },
{ "type": "Feature", "properties": { "id": null, "name": "Thornton Heath", "tfl_intid": null, "lines": null, "cartography": null, "altid": null, "tfl_statid": null, "night": null, "altid2": null, "zone": "4" }, "geometry": { "type": "Point", "coordinates": [ -0.100184933681366, 51.398476322864724 ] } },
{ "type": "Feature", "properties": { "id": null, "name": "Coulsdon Town", "tfl_intid": null, "lines": null, "cartography": null, "altid": null, "tfl_statid": null, "night": null, "altid2": null, "zone": "6" }, "geometry": { "type": "Point", "coordinates": [ -0.134447354667627, 51.321981383502305 ] } },
{ "type": "Feature", "properties": { "id": null, "name": "Epsom Downs", "tfl_intid": null, "lines": null, "cartography": null, "altid": null, "tfl_statid": null, "night": null, "altid2": null, "zone": "6" }, "geometry": { "type": "Point", "coordinates": [ -0.238843818083478, 51.323832640342872 ] } },
{ "type": "Feature", "properties": { "id": null, "name": "Purley Oaks", "tfl_intid": null, "lines": null, "cartography": null, "altid": null, "tfl_statid": null, "night": null, "altid2": null, "zone": "6" }, "geometry": { "type": "Point", "coordinates": [ -0.098916995068542, 51.346897643093442 ] } },
{ "type": "Feature", "properties": { "id": null, "name": "Kenley", "tfl_intid": null, "lines": null, "cartography": null, "altid": null, "tfl_statid": null, "night": null, "altid2": null, "zone": "6" }, "geometry": { "type": "Point", "coordinates": [ -0.101046297628913, 51.324773479056546 ] } },
{ "type": "Feature", "properties": { "id": null, "name": "Riddlesdown", "tfl_intid": null, "lines": null, "cartography": null, "altid": null, "tfl_statid": null, "night": null, "altid2": null, "zone": "6" }, "geometry": { "type": "Point", "coordinates": [ -0.099419812917227, 51.332399139194656 ] } },
{ "type": "Feature", "properties": { "id": null, "name": "Banstead", "tfl_intid": null, "lines": null, "cartography": null, "altid": null, "tfl_statid": null, "night": null, "altid2": null, "zone": "6" }, "geometry": { "type": "Point", "coordinates": [ -0.213078596661453, 51.329292962432966 ] } },
{ "type": "Feature", "properties": { "id": null, "name": "Reedham", "tfl_intid": null, "lines": null, "cartography": null, "altid": null, "tfl_statid": null, "night": null, "altid2": null, "zone": "6" }, "geometry": { "type": "Point", "coordinates": [ -0.123472359680342, 51.331033246098123 ] } },
{ "type": "Feature", "properties": { "id": null, "name": "South Croydon", "tfl_intid": null, "lines": null, "cartography": null, "altid": null, "tfl_statid": null, "night": null, "altid2": null, "zone": "5" }, "geometry": { "type": "Point", "coordinates": [ -0.093437599391811, 51.362622247949623 ] } },
{ "type": "Feature", "properties": { "id": null, "name": "Berrylands", "tfl_intid": null, "lines": null, "cartography": null, "altid": null, "tfl_statid": null, "night": null, "altid2": null, "zone": "5" }, "geometry": { "type": "Point", "coordinates": [ -0.280428905427169, 51.399046383199924 ] } },
{ "type": "Feature", "properties": { "id": null, "name": "Tolworth", "tfl_intid": null, "lines": null, "cartography": null, "altid": null, "tfl_statid": null, "night": null, "altid2": null, "zone": "5" }, "geometry": { "type": "Point", "coordinates": [ -0.279221170472397, 51.37693471763324 ] } },
{ "type": "Feature", "properties": { "id": null, "name": "Sanderstead", "tfl_intid": null, "lines": null, "cartography": null, "altid": null, "tfl_statid": null, "night": null, "altid2": null, "zone": "6" }, "geometry": { "type": "Point", "coordinates": [ -0.093512173692966, 51.348225006224375 ] } },
{ "type": "Feature", "properties": { "id": null, "name": "Epsom", "tfl_intid": null, "lines": null, "cartography": null, "altid": null, "tfl_statid": null, "night": null, "altid2": null, "zone": "Z" }, "geometry": { "type": "Point", "coordinates": [ -0.269394469272266, 51.334334275638888 ] } },
{ "type": "Feature", "properties": { "id": null, "name": "Selhurst", "tfl_intid": null, "lines": null, "cartography": null, "altid": null, "tfl_statid": null, "night": null, "altid2": null, "zone": "4" }, "geometry": { "type": "Point", "coordinates": [ -0.088415406605155, 51.391948024407093 ] } },
{ "type": "Feature", "properties": { "id": null, "name": "Malden Manor", "tfl_intid": null, "lines": null, "cartography": null, "altid": null, "tfl_statid": null, "night": null, "altid2": null, "zone": "4" }, "geometry": { "type": "Point", "coordinates": [ -0.261456228536931, 51.384578843097856 ] } },
{ "type": "Feature", "properties": { "id": null, "name": "Ewell West", "tfl_intid": null, "lines": null, "cartography": null, "altid": null, "tfl_statid": null, "night": null, "altid2": null, "zone": "6" }, "geometry": { "type": "Point", "coordinates": [ -0.257106751091105, 51.350106536603782 ] } },
{ "type": "Feature", "properties": { "id": null, "name": "Stoneleigh", "tfl_intid": null, "lines": null, "cartography": null, "altid": null, "tfl_statid": null, "night": null, "altid2": null, "zone": "5" }, "geometry": { "type": "Point", "coordinates": [ -0.248537679081199, 51.363155845136802 ] } },
{ "type": "Feature", "properties": { "id": null, "name": "Worcester Park", "tfl_intid": null, "lines": null, "cartography": null, "altid": null, "tfl_statid": null, "night": null, "altid2": null, "zone": "4" }, "geometry": { "type": "Point", "coordinates": [ -0.245003684928472, 51.381213587222 ] } },
{ "type": "Feature", "properties": { "id": null, "name": "Ashtead", "tfl_intid": null, "lines": null, "cartography": null, "altid": null, "tfl_statid": null, "night": null, "altid2": null, "zone": "Z" }, "geometry": { "type": "Point", "coordinates": [ -0.307651393267961, 51.31778948212245 ] } },
{ "type": "Feature", "properties": { "id": null, "name": "Motspur Park", "tfl_intid": null, "lines": null, "cartography": null, "altid": null, "tfl_statid": null, "night": null, "altid2": null, "zone": "4" }, "geometry": { "type": "Point", "coordinates": [ -0.239506777013052, 51.394944256605825 ] } },
{ "type": "Feature", "properties": { "id": null, "name": "Ewell East", "tfl_intid": null, "lines": null, "cartography": null, "altid": null, "tfl_statid": null, "night": null, "altid2": null, "zone": "6" }, "geometry": { "type": "Point", "coordinates": [ -0.241357983394441, 51.345217698547181 ] } },
{ "type": "Feature", "properties": { "id": null, "name": "Cheam", "tfl_intid": null, "lines": null, "cartography": null, "altid": null, "tfl_statid": null, "night": null, "altid2": null, "zone": "5" }, "geometry": { "type": "Point", "coordinates": [ -0.214555209042473, 51.355679009406884 ] } },
{ "type": "Feature", "properties": { "id": null, "name": "West Sutton", "tfl_intid": null, "lines": null, "cartography": null, "altid": null, "tfl_statid": null, "night": null, "altid2": null, "zone": "5" }, "geometry": { "type": "Point", "coordinates": [ -0.204494078695446, 51.366085760427367 ] } },
{ "type": "Feature", "properties": { "id": null, "name": "Morden South", "tfl_intid": null, "lines": null, "cartography": null, "altid": null, "tfl_statid": null, "night": null, "altid2": null, "zone": "4" }, "geometry": { "type": "Point", "coordinates": [ -0.199309089447081, 51.395946562232652 ] } },
{ "type": "Feature", "properties": { "id": null, "name": "St Helier", "tfl_intid": null, "lines": null, "cartography": null, "altid": null, "tfl_statid": null, "night": null, "altid2": null, "zone": "4" }, "geometry": { "type": "Point", "coordinates": [ -0.19890992439192, 51.389467952396657 ] } },
{ "type": "Feature", "properties": { "id": null, "name": "Belmont", "tfl_intid": null, "lines": null, "cartography": null, "altid": null, "tfl_statid": null, "night": null, "altid2": null, "zone": "5" }, "geometry": { "type": "Point", "coordinates": [ -0.198852332853884, 51.343782134277433 ] } },
{ "type": "Feature", "properties": { "id": null, "name": "Sutton Common", "tfl_intid": null, "lines": null, "cartography": null, "altid": null, "tfl_statid": null, "night": null, "altid2": null, "zone": "4" }, "geometry": { "type": "Point", "coordinates": [ -0.196161640742799, 51.375023950051613 ] } },
{ "type": "Feature", "properties": { "id": null, "name": "Sutton", "tfl_intid": null, "lines": null, "cartography": null, "altid": null, "tfl_statid": null, "night": null, "altid2": null, "zone": "5" }, "geometry": { "type": "Point", "coordinates": [ -0.191177174858014, 51.359679228010961 ] } },
{ "type": "Feature", "properties": { "id": null, "name": "Carshalton Beeches", "tfl_intid": null, "lines": null, "cartography": null, "altid": null, "tfl_statid": null, "night": null, "altid2": null, "zone": "5" }, "geometry": { "type": "Point", "coordinates": [ -0.169813786982107, 51.357178189510428 ] } },
{ "type": "Feature", "properties": { "id": null, "name": "Carshalton", "tfl_intid": null, "lines": null, "cartography": null, "altid": null, "tfl_statid": null, "night": null, "altid2": null, "zone": "5" }, "geometry": { "type": "Point", "coordinates": [ -0.166313430243422, 51.368524964080727 ] } },
{ "type": "Feature", "properties": { "id": null, "name": "Hackbridge", "tfl_intid": null, "lines": null, "cartography": null, "altid": null, "tfl_statid": null, "night": null, "altid2": null, "zone": "4" }, "geometry": { "type": "Point", "coordinates": [ -0.153713189489718, 51.377955974088316 ] } },
{ "type": "Feature", "properties": { "id": null, "name": "Wallington", "tfl_intid": null, "lines": null, "cartography": null, "altid": null, "tfl_statid": null, "night": null, "altid2": null, "zone": "5" }, "geometry": { "type": "Point", "coordinates": [ -0.15017193043234, 51.360261649070317 ] } },
{ "type": "Feature", "properties": { "id": null, "name": "Waddon", "tfl_intid": null, "lines": null, "cartography": null, "altid": null, "tfl_statid": null, "night": null, "altid2": null, "zone": "5" }, "geometry": { "type": "Point", "coordinates": [ -0.117624764304626, 51.367238247469182 ] } },
{ "type": "Feature", "properties": { "id": null, "name": "Drayton Green", "tfl_intid": null, "lines": null, "cartography": null, "altid": null, "tfl_statid": null, "night": null, "altid2": null, "zone": "4" }, "geometry": { "type": "Point", "coordinates": [ -0.330204354269723, 51.516543303307863 ] } },
{ "type": "Feature", "properties": { "id": null, "name": "Purley", "tfl_intid": null, "lines": null, "cartography": null, "altid": null, "tfl_statid": null, "night": null, "altid2": null, "zone": "6" }, "geometry": { "type": "Point", "coordinates": [ -0.113980215566052, 51.337527451766256 ] } },
{ "type": "Feature", "properties": { "id": null, "name": "Castle Bar Park", "tfl_intid": null, "lines": null, "cartography": null, "altid": null, "tfl_statid": null, "night": null, "altid2": null, "zone": "4" }, "geometry": { "type": "Point", "coordinates": [ -0.331498890890363, 51.522858169021063 ] } },
{ "type": "Feature", "properties": { "id": null, "name": "New Malden", "tfl_intid": null, "lines": null, "cartography": null, "altid": null, "tfl_statid": null, "night": null, "altid2": null, "zone": "4" }, "geometry": { "type": "Point", "coordinates": [ -0.256008261905916, 51.403913717255548 ] } },
{ "type": "Feature", "properties": { "id": null, "name": "South Greenford", "tfl_intid": null, "lines": null, "cartography": null, "altid": null, "tfl_statid": null, "night": null, "altid2": null, "zone": "4" }, "geometry": { "type": "Point", "coordinates": [ -0.336451824246021, 51.533225878029853 ] } },
{ "type": "Feature", "properties": { "id": null, "name": "South Merton", "tfl_intid": null, "lines": null, "cartography": null, "altid": null, "tfl_statid": null, "night": null, "altid2": null, "zone": "4" }, "geometry": { "type": "Point", "coordinates": [ -0.205456266992083, 51.403166845308867 ] } },
{ "type": "Feature", "properties": { "id": null, "name": "Mitcham Eastfields", "tfl_intid": null, "lines": null, "cartography": null, "altid": null, "tfl_statid": null, "night": null, "altid2": null, "zone": "3" }, "geometry": { "type": "Point", "coordinates": [ -0.154527575384879, 51.407763537008577 ] } },
{ "type": "Feature", "properties": { "id": null, "name": "Raynes Park", "tfl_intid": null, "lines": null, "cartography": null, "altid": null, "tfl_statid": null, "night": null, "altid2": null, "zone": "4" }, "geometry": { "type": "Point", "coordinates": [ -0.229931993732846, 51.409251251542074 ] } },
{ "type": "Feature", "properties": { "id": null, "name": "Wimbledon Chase", "tfl_intid": null, "lines": null, "cartography": null, "altid": null, "tfl_statid": null, "night": null, "altid2": null, "zone": "3" }, "geometry": { "type": "Point", "coordinates": [ -0.214261607225195, 51.409486234929034 ] } },
{ "type": "Feature", "properties": { "id": null, "name": "Norbiton", "tfl_intid": null, "lines": null, "cartography": null, "altid": null, "tfl_statid": null, "night": null, "altid2": null, "zone": "5" }, "geometry": { "type": "Point", "coordinates": [ -0.28416102451852, 51.412260993234263 ] } },
{ "type": "Feature", "properties": { "id": null, "name": "Queenstown Road", "tfl_intid": null, "lines": null, "cartography": null, "altid": null, "tfl_statid": null, "night": null, "altid2": null, "zone": "2" }, "geometry": { "type": "Point", "coordinates": [ -0.146314814303678, 51.475167200267556 ] } },
{ "type": "Feature", "properties": { "id": null, "name": "Clock House", "tfl_intid": null, "lines": null, "cartography": null, "altid": null, "tfl_statid": null, "night": null, "altid2": null, "zone": "4" }, "geometry": { "type": "Point", "coordinates": [ -0.040574099522329, 51.408460271111977 ] } },
{ "type": "Feature", "properties": { "id": null, "name": "Crofton Park", "tfl_intid": null, "lines": null, "cartography": null, "altid": null, "tfl_statid": null, "night": null, "altid2": null, "zone": "3" }, "geometry": { "type": "Point", "coordinates": [ -0.036559056614824, 51.455119404993276 ] } },
{ "type": "Feature", "properties": { "id": null, "name": "Knockholt", "tfl_intid": null, "lines": null, "cartography": null, "altid": null, "tfl_statid": null, "night": null, "altid2": null, "zone": "6" }, "geometry": { "type": "Point", "coordinates": [ 0.130625850194321, 51.345744606481809 ] } },
{ "type": "Feature", "properties": { "id": null, "name": "Chelsfield", "tfl_intid": null, "lines": null, "cartography": null, "altid": null, "tfl_statid": null, "night": null, "altid2": null, "zone": "6" }, "geometry": { "type": "Point", "coordinates": [ 0.10813884430111, 51.356663041891487 ] } },
{ "type": "Feature", "properties": { "id": null, "name": "New Beckenham", "tfl_intid": null, "lines": null, "cartography": null, "altid": null, "tfl_statid": null, "night": null, "altid2": null, "zone": "4" }, "geometry": { "type": "Point", "coordinates": [ -0.035184467896146, 51.416754775408087 ] } },
{ "type": "Feature", "properties": { "id": null, "name": "Lower Sydenham", "tfl_intid": null, "lines": null, "cartography": null, "altid": null, "tfl_statid": null, "night": null, "altid2": null, "zone": "4" }, "geometry": { "type": "Point", "coordinates": [ -0.033311186330419, 51.42466447948221 ] } },
{ "type": "Feature", "properties": { "id": null, "name": "Orpington", "tfl_intid": null, "lines": null, "cartography": null, "altid": null, "tfl_statid": null, "night": null, "altid2": null, "zone": "6" }, "geometry": { "type": "Point", "coordinates": [ 0.089287930788783, 51.373019228136009 ] } },
{ "type": "Feature", "properties": { "id": null, "name": "Ladywell", "tfl_intid": null, "lines": null, "cartography": null, "altid": null, "tfl_statid": null, "night": null, "altid2": null, "zone": "3" }, "geometry": { "type": "Point", "coordinates": [ -0.019118088307422, 51.456108336796895 ] } },
{ "type": "Feature", "properties": { "id": null, "name": "Bellingham", "tfl_intid": null, "lines": null, "cartography": null, "altid": null, "tfl_statid": null, "night": null, "altid2": null, "zone": "3" }, "geometry": { "type": "Point", "coordinates": [ -0.019373181360031, 51.432959899937522 ] } },
{ "type": "Feature", "properties": { "id": null, "name": "Beckenham Hill", "tfl_intid": null, "lines": null, "cartography": null, "altid": null, "tfl_statid": null, "night": null, "altid2": null, "zone": "4" }, "geometry": { "type": "Point", "coordinates": [ -0.015969945286205, 51.424524404811677 ] } },
{ "type": "Feature", "properties": { "id": null, "name": "Ravensbourne", "tfl_intid": null, "lines": null, "cartography": null, "altid": null, "tfl_statid": null, "night": null, "altid2": null, "zone": "4" }, "geometry": { "type": "Point", "coordinates": [ -0.007438539779069, 51.413970273200064 ] } },
{ "type": "Feature", "properties": { "id": null, "name": "Hither Green", "tfl_intid": null, "lines": null, "cartography": null, "altid": null, "tfl_statid": null, "night": null, "altid2": null, "zone": "3" }, "geometry": { "type": "Point", "coordinates": [ -0.000764899404797, 51.451660874785958 ] } },
{ "type": "Feature", "properties": { "id": null, "name": "Shortlands", "tfl_intid": null, "lines": null, "cartography": null, "altid": null, "tfl_statid": null, "night": null, "altid2": null, "zone": "4" }, "geometry": { "type": "Point", "coordinates": [ 0.002083458316706, 51.405938901048081 ] } },
{ "type": "Feature", "properties": { "id": null, "name": "Blackheath", "tfl_intid": null, "lines": null, "cartography": null, "altid": null, "tfl_statid": null, "night": null, "altid2": null, "zone": "3" }, "geometry": { "type": "Point", "coordinates": [ 0.008028220403139, 51.4656642818099 ] } },
{ "type": "Feature", "properties": { "id": null, "name": "Lee", "tfl_intid": null, "lines": null, "cartography": null, "altid": null, "tfl_statid": null, "night": null, "altid2": null, "zone": "3" }, "geometry": { "type": "Point", "coordinates": [ 0.013988137131769, 51.449672924721121 ] } },
{ "type": "Feature", "properties": { "id": null, "name": "Bromley North", "tfl_intid": null, "lines": null, "cartography": null, "altid": null, "tfl_statid": null, "night": null, "altid2": null, "zone": "4" }, "geometry": { "type": "Point", "coordinates": [ 0.017108169700498, 51.408503025105553 ] } },
{ "type": "Feature", "properties": { "id": null, "name": "Bromley South", "tfl_intid": null, "lines": null, "cartography": null, "altid": null, "tfl_statid": null, "night": null, "altid2": null, "zone": "5" }, "geometry": { "type": "Point", "coordinates": [ 0.017414844972079, 51.400002479841746 ] } },
{ "type": "Feature", "properties": { "id": null, "name": "Sundridge Park", "tfl_intid": null, "lines": null, "cartography": null, "altid": null, "tfl_statid": null, "night": null, "altid2": null, "zone": "4" }, "geometry": { "type": "Point", "coordinates": [ 0.02150756960008, 51.413932282422628 ] } },
{ "type": "Feature", "properties": { "id": null, "name": "Grove Park", "tfl_intid": null, "lines": null, "cartography": null, "altid": null, "tfl_statid": null, "night": null, "altid2": null, "zone": "4" }, "geometry": { "type": "Point", "coordinates": [ 0.022575807264684, 51.430375374923685 ] } },
{ "type": "Feature", "properties": { "id": null, "name": "Kidbrooke", "tfl_intid": null, "lines": null, "cartography": null, "altid": null, "tfl_statid": null, "night": null, "altid2": null, "zone": "3" }, "geometry": { "type": "Point", "coordinates": [ 0.02755608864752, 51.462109999136807 ] } },
{ "type": "Feature", "properties": { "id": null, "name": "Charlton", "tfl_intid": null, "lines": null, "cartography": null, "altid": null, "tfl_statid": null, "night": null, "altid2": null, "zone": "3" }, "geometry": { "type": "Point", "coordinates": [ 0.030992473286759, 51.486730942009395 ] } },
{ "type": "Feature", "properties": { "id": null, "name": "Elmstead Woods", "tfl_intid": null, "lines": null, "cartography": null, "altid": null, "tfl_statid": null, "night": null, "altid2": null, "zone": "4" }, "geometry": { "type": "Point", "coordinates": [ 0.044004786020236, 51.417235962918504 ] } },
{ "type": "Feature", "properties": { "id": null, "name": "Bickley", "tfl_intid": null, "lines": null, "cartography": null, "altid": null, "tfl_statid": null, "night": null, "altid2": null, "zone": "5" }, "geometry": { "type": "Point", "coordinates": [ 0.04467072423197, 51.400017298609093 ] } },
{ "type": "Feature", "properties": { "id": null, "name": "Mottingham", "tfl_intid": null, "lines": null, "cartography": null, "altid": null, "tfl_statid": null, "night": null, "altid2": null, "zone": "4" }, "geometry": { "type": "Point", "coordinates": [ 0.049870937074795, 51.440210244405463 ] } },
{ "type": "Feature", "properties": { "id": null, "name": "Eltham", "tfl_intid": null, "lines": null, "cartography": null, "altid": null, "tfl_statid": null, "night": null, "altid2": null, "zone": "4" }, "geometry": { "type": "Point", "coordinates": [ 0.052596199141467, 51.455598512809175 ] } },
{ "type": "Feature", "properties": { "id": null, "name": "Woolwich Dockyard", "tfl_intid": null, "lines": null, "cartography": null, "altid": null, "tfl_statid": null, "night": null, "altid2": null, "zone": "3" }, "geometry": { "type": "Point", "coordinates": [ 0.054547757229722, 51.4911305747965 ] } },
{ "type": "Feature", "properties": { "id": null, "name": "Chislehurst", "tfl_intid": null, "lines": null, "cartography": null, "altid": null, "tfl_statid": null, "night": null, "altid2": null, "zone": "5" }, "geometry": { "type": "Point", "coordinates": [ 0.057580113396306, 51.405316722266214 ] } },
{ "type": "Feature", "properties": { "id": null, "name": "New Eltham", "tfl_intid": null, "lines": null, "cartography": null, "altid": null, "tfl_statid": null, "night": null, "altid2": null, "zone": "4" }, "geometry": { "type": "Point", "coordinates": [ 0.070544514579837, 51.437990643345564 ] } },
{ "type": "Feature", "properties": { "id": null, "name": "Petts Wood", "tfl_intid": null, "lines": null, "cartography": null, "altid": null, "tfl_statid": null, "night": null, "altid2": null, "zone": "5" }, "geometry": { "type": "Point", "coordinates": [ 0.074206273892243, 51.388753305101211 ] } },
{ "type": "Feature", "properties": { "id": null, "name": "Falconwood", "tfl_intid": null, "lines": null, "cartography": null, "altid": null, "tfl_statid": null, "night": null, "altid2": null, "zone": "4" }, "geometry": { "type": "Point", "coordinates": [ 0.079948471882262, 51.459243034893497 ] } },
{ "type": "Feature", "properties": { "id": null, "name": "Plumstead", "tfl_intid": null, "lines": null, "cartography": null, "altid": null, "tfl_statid": null, "night": null, "altid2": null, "zone": "4" }, "geometry": { "type": "Point", "coordinates": [ 0.084688200150421, 51.489734824105071 ] } },
{ "type": "Feature", "properties": { "id": null, "name": "Welling", "tfl_intid": null, "lines": null, "cartography": null, "altid": null, "tfl_statid": null, "night": null, "altid2": null, "zone": "4" }, "geometry": { "type": "Point", "coordinates": [ 0.101902264921663, 51.464790499446615 ] } },
{ "type": "Feature", "properties": { "id": null, "name": "Sidcup", "tfl_intid": null, "lines": null, "cartography": null, "altid": null, "tfl_statid": null, "night": null, "altid2": null, "zone": "5" }, "geometry": { "type": "Point", "coordinates": [ 0.104131198955663, 51.433915494436526 ] } },
{ "type": "Feature", "properties": { "id": null, "name": "St Mary Cray", "tfl_intid": null, "lines": null, "cartography": null, "altid": null, "tfl_statid": null, "night": null, "altid2": null, "zone": "6" }, "geometry": { "type": "Point", "coordinates": [ 0.106359888195572, 51.39468952289009 ] } },
{ "type": "Feature", "properties": { "id": null, "name": "Albany Park", "tfl_intid": null, "lines": null, "cartography": null, "altid": null, "tfl_statid": null, "night": null, "altid2": null, "zone": "5" }, "geometry": { "type": "Point", "coordinates": [ 0.125787908276362, 51.435303648445817 ] } },
{ "type": "Feature", "properties": { "id": null, "name": "Penge East", "tfl_intid": null, "lines": null, "cartography": null, "altid": null, "tfl_statid": null, "night": null, "altid2": null, "zone": "4" }, "geometry": { "type": "Point", "coordinates": [ -0.053969327639976, 51.419160191300065 ] } },
{ "type": "Feature", "properties": { "id": null, "name": "Kent House", "tfl_intid": null, "lines": null, "cartography": null, "altid": null, "tfl_statid": null, "night": null, "altid2": null, "zone": "4" }, "geometry": { "type": "Point", "coordinates": [ -0.045188150771422, 51.412199809473641 ] } },
{ "type": "Feature", "properties": { "id": null, "name": "Woldingham", "tfl_intid": null, "lines": null, "cartography": null, "altid": null, "tfl_statid": null, "night": null, "altid2": null, "zone": "Z" }, "geometry": { "type": "Point", "coordinates": [ -0.051847212428536, 51.289917709789989 ] } },
{ "type": "Feature", "properties": { "id": null, "name": "Bexley Heath", "tfl_intid": null, "lines": null, "cartography": null, "altid": null, "tfl_statid": null, "night": null, "altid2": null, "zone": "5" }, "geometry": { "type": "Point", "coordinates": [ 0.133826007078057, 51.463498462274288 ] } },
{ "type": "Feature", "properties": { "id": null, "name": "Dagenham Dock", "tfl_intid": null, "lines": null, "cartography": null, "altid": null, "tfl_statid": null, "night": null, "altid2": null, "zone": "5" }, "geometry": { "type": "Point", "coordinates": [ 0.146218483632376, 51.526032421055881 ] } },
{ "type": "Feature", "properties": { "id": null, "name": "Bexley", "tfl_intid": null, "lines": null, "cartography": null, "altid": null, "tfl_statid": null, "night": null, "altid2": null, "zone": "6" }, "geometry": { "type": "Point", "coordinates": [ 0.14791334876559, 51.44018456493334 ] } },
{ "type": "Feature", "properties": { "id": null, "name": "Belvedere", "tfl_intid": null, "lines": null, "cartography": null, "altid": null, "tfl_statid": null, "night": null, "altid2": null, "zone": "5" }, "geometry": { "type": "Point", "coordinates": [ 0.152460413004973, 51.492145027239026 ] } },
{ "type": "Feature", "properties": { "id": null, "name": "Barnehurst", "tfl_intid": null, "lines": null, "cartography": null, "altid": null, "tfl_statid": null, "night": null, "altid2": null, "zone": "6" }, "geometry": { "type": "Point", "coordinates": [ 0.159528345971272, 51.464974292151751 ] } },
{ "type": "Feature", "properties": { "id": null, "name": "Swanley", "tfl_intid": null, "lines": null, "cartography": null, "altid": null, "tfl_statid": null, "night": null, "altid2": null, "zone": "8" }, "geometry": { "type": "Point", "coordinates": [ 0.168726399900515, 51.393237298197732 ] } },
{ "type": "Feature", "properties": { "id": null, "name": "Erith", "tfl_intid": null, "lines": null, "cartography": null, "altid": null, "tfl_statid": null, "night": null, "altid2": null, "zone": "6" }, "geometry": { "type": "Point", "coordinates": [ 0.175226137014957, 51.481510181801916 ] } },
{ "type": "Feature", "properties": { "id": null, "name": "Crayford", "tfl_intid": null, "lines": null, "cartography": null, "altid": null, "tfl_statid": null, "night": null, "altid2": null, "zone": "6" }, "geometry": { "type": "Point", "coordinates": [ 0.178837623438107, 51.448226625636579 ] } },
{ "type": "Feature", "properties": { "id": null, "name": "Rainham", "tfl_intid": null, "lines": null, "cartography": null, "altid": null, "tfl_statid": null, "night": null, "altid2": null, "zone": "6" }, "geometry": { "type": "Point", "coordinates": [ 0.190646679030573, 51.516667180459507 ] } },
{ "type": "Feature", "properties": { "id": null, "name": "Slade Green", "tfl_intid": null, "lines": null, "cartography": null, "altid": null, "tfl_statid": null, "night": null, "altid2": null, "zone": "6" }, "geometry": { "type": "Point", "coordinates": [ 0.190243304235957, 51.467739477778146 ] } },
{ "type": "Feature", "properties": { "id": null, "name": "Dartford", "tfl_intid": null, "lines": null, "cartography": null, "altid": null, "tfl_statid": null, "night": null, "altid2": null, "zone": "8" }, "geometry": { "type": "Point", "coordinates": [ 0.219013100075657, 51.447367488604165 ] } },
{ "type": "Feature", "properties": { "id": null, "name": "Maze Hill", "tfl_intid": null, "lines": null, "cartography": null, "altid": null, "tfl_statid": null, "night": null, "altid2": null, "zone": "3" }, "geometry": { "type": "Point", "coordinates": [ 0.002972737983502, 51.482636595916759 ] } },
{ "type": "Feature", "properties": { "id": null, "name": "Purfleet", "tfl_intid": null, "lines": null, "cartography": null, "altid": null, "tfl_statid": null, "night": null, "altid2": null, "zone": "G" }, "geometry": { "type": "Point", "coordinates": [ 0.237014938538125, 51.481036752129107 ] } },
{ "type": "Feature", "properties": { "id": null, "name": "Chafford Hundred", "tfl_intid": null, "lines": null, "cartography": null, "altid": null, "tfl_statid": null, "night": null, "altid2": null, "zone": "G" }, "geometry": { "type": "Point", "coordinates": [ 0.287480717575446, 51.485609323396105 ] } },
{ "type": "Feature", "properties": { "id": null, "name": "Ockendon", "tfl_intid": null, "lines": null, "cartography": null, "altid": null, "tfl_statid": null, "night": null, "altid2": null, "zone": "G" }, "geometry": { "type": "Point", "coordinates": [ 0.29020977458891, 51.521972340744497 ] } },
{ "type": "Feature", "properties": { "id": null, "name": "Westcombe Park", "tfl_intid": null, "lines": null, "cartography": null, "altid": null, "tfl_statid": null, "night": null, "altid2": null, "zone": "3" }, "geometry": { "type": "Point", "coordinates": [ 0.018431673674586, 51.4841649180605 ] } },
{ "type": "Feature", "properties": { "id": null, "name": "Grays", "tfl_intid": null, "lines": null, "cartography": null, "altid": null, "tfl_statid": null, "night": null, "altid2": null, "zone": "G" }, "geometry": { "type": "Point", "coordinates": [ 0.321517269450423, 51.476467306348894 ] } },
{ "type": "Feature", "properties": { "id": null, "name": "Eden Park", "tfl_intid": null, "lines": null, "cartography": null, "altid": null, "tfl_statid": null, "night": null, "altid2": null, "zone": "5" }, "geometry": { "type": "Point", "coordinates": [ -0.026292085705238, 51.390054011049848 ] } },
{ "type": "Feature", "properties": { "id": null, "name": "West Wickham", "tfl_intid": null, "lines": null, "cartography": null, "altid": null, "tfl_statid": null, "night": null, "altid2": null, "zone": "5" }, "geometry": { "type": "Point", "coordinates": [ -0.014443165507967, 51.381286945774896 ] } },
{ "type": "Feature", "properties": { "id": null, "name": "Hayes", "tfl_intid": null, "lines": null, "cartography": null, "altid": null, "tfl_statid": null, "night": null, "altid2": null, "zone": "5" }, "geometry": { "type": "Point", "coordinates": [ 0.009520352171211, 51.376586729428475 ] } },
{ "type": "Feature", "properties": { "id": null, "name": "Catford", "tfl_intid": null, "lines": null, "cartography": null, "altid": null, "tfl_statid": null, "night": null, "altid2": null, "zone": "3" }, "geometry": { "type": "Point", "coordinates": [ -0.026195364862501, 51.444345482350037 ] } },
{ "type": "Feature", "properties": { "id": null, "name": "Catford Bridge", "tfl_intid": null, "lines": null, "cartography": null, "altid": null, "tfl_statid": null, "night": null, "altid2": null, "zone": "3" }, "geometry": { "type": "Point", "coordinates": [ -0.024880436981581, 51.444759846414335 ] } },
{ "type": "Feature", "properties": { "id": null, "name": "St Johns", "tfl_intid": null, "lines": null, "cartography": null, "altid": null, "tfl_statid": null, "night": null, "altid2": null, "zone": "2" }, "geometry": { "type": "Point", "coordinates": [ -0.022198717596987, 51.469141253251998 ] } },
{ "type": "Feature", "properties": { "id": null, "name": "Deptford", "tfl_intid": null, "lines": null, "cartography": null, "altid": null, "tfl_statid": null, "night": null, "altid2": null, "zone": "2" }, "geometry": { "type": "Point", "coordinates": [ -0.026479660820263, 51.478887045297334 ] } },
{ "type": "Feature", "properties": { "id": null, "name": "Essex Road", "tfl_intid": null, "lines": null, "cartography": null, "altid": null, "tfl_statid": null, "night": null, "altid2": null, "zone": "2" }, "geometry": { "type": "Point", "coordinates": [ -0.096117462724407, 51.540718191649667 ] } },
{ "type": "Feature", "properties": { "id": null, "name": "Drayton Park", "tfl_intid": null, "lines": null, "cartography": null, "altid": null, "tfl_statid": null, "night": null, "altid2": null, "zone": "2" }, "geometry": { "type": "Point", "coordinates": [ -0.105908046780551, 51.553230131385547 ] } },
{ "type": "Feature", "properties": { "id": null, "name": "South Bermondsey", "tfl_intid": null, "lines": null, "cartography": null, "altid": null, "tfl_statid": null, "night": null, "altid2": null, "zone": "2" }, "geometry": { "type": "Point", "coordinates": [ -0.054550867653012, 51.488110399198113 ] } },
{ "type": "Feature", "properties": { "id": null, "name": "Radlett", "tfl_intid": null, "lines": null, "cartography": null, "altid": null, "tfl_statid": null, "night": null, "altid2": null, "zone": "Z" }, "geometry": { "type": "Point", "coordinates": [ -0.317234129292448, 51.685321986054937 ] } },
{ "type": "Feature", "properties": { "id": null, "name": "Elstree and Borehamwood", "tfl_intid": null, "lines": null, "cartography": null, "altid": null, "tfl_statid": null, "night": null, "altid2": null, "zone": "6" }, "geometry": { "type": "Point", "coordinates": [ -0.279963879973251, 51.653009585219507 ] } },
{ "type": "Feature", "properties": { "id": null, "name": "Sudbury and Harrow Road", "tfl_intid": null, "lines": null, "cartography": null, "altid": null, "tfl_statid": null, "night": null, "altid2": null, "zone": "4" }, "geometry": { "type": "Point", "coordinates": [ -0.315590194406532, 51.554318072413494 ] } },
{ "type": "Feature", "properties": { "id": null, "name": "Wembley Stadium", "tfl_intid": null, "lines": null, "cartography": null, "altid": null, "tfl_statid": null, "night": null, "altid2": null, "zone": "4" }, "geometry": { "type": "Point", "coordinates": [ -0.284851674726452, 51.554258309083629 ] } },
{ "type": "Feature", "properties": { "id": null, "name": "Northolt Park", "tfl_intid": null, "lines": null, "cartography": null, "altid": null, "tfl_statid": null, "night": null, "altid2": null, "zone": "5" }, "geometry": { "type": "Point", "coordinates": [ -0.359443675829381, 51.55741780417214 ] } },
{ "type": "Feature", "properties": { "id": null, "name": "Sudbury Hill Harrow", "tfl_intid": null, "lines": null, "cartography": null, "altid": null, "tfl_statid": null, "night": null, "altid2": null, "zone": "4" }, "geometry": { "type": "Point", "coordinates": [ -0.336051722747797, 51.558449378267888 ] } },
{ "type": "Feature", "properties": { "id": null, "name": "Hendon", "tfl_intid": null, "lines": null, "cartography": null, "altid": null, "tfl_statid": null, "night": null, "altid2": null, "zone": "3\/4" }, "geometry": { "type": "Point", "coordinates": [ -0.238824388592957, 51.58004221729135 ] } },
{ "type": "Feature", "properties": { "id": null, "name": "Cricklewood", "tfl_intid": null, "lines": null, "cartography": null, "altid": null, "tfl_statid": null, "night": null, "altid2": null, "zone": "3" }, "geometry": { "type": "Point", "coordinates": [ -0.213114404140186, 51.558757023941205 ] } },
{ "type": "Feature", "properties": { "id": null, "name": "Mill Hill Broadway", "tfl_intid": null, "lines": null, "cartography": null, "altid": null, "tfl_statid": null, "night": null, "altid2": null, "zone": "4" }, "geometry": { "type": "Point", "coordinates": [ -0.2488423204696, 51.612773077321577 ] } },
{ "type": "Feature", "properties": { "id": null, "name": "New Southgate", "tfl_intid": null, "lines": null, "cartography": null, "altid": null, "tfl_statid": null, "night": null, "altid2": null, "zone": "4" }, "geometry": { "type": "Point", "coordinates": [ -0.143066702671875, 51.613992571021612 ] } },
{ "type": "Feature", "properties": { "id": null, "name": "Hadley Wood", "tfl_intid": null, "lines": null, "cartography": null, "altid": null, "tfl_statid": null, "night": null, "altid2": null, "zone": "6" }, "geometry": { "type": "Point", "coordinates": [ -0.176226049105393, 51.668374822675489 ] } },
{ "type": "Feature", "properties": { "id": null, "name": "Oakleigh Park", "tfl_intid": null, "lines": null, "cartography": null, "altid": null, "tfl_statid": null, "night": null, "altid2": null, "zone": "4" }, "geometry": { "type": "Point", "coordinates": [ -0.166283807673559, 51.637673820578833 ] } },
{ "type": "Feature", "properties": { "id": null, "name": "New Barnet", "tfl_intid": null, "lines": null, "cartography": null, "altid": null, "tfl_statid": null, "night": null, "altid2": null, "zone": "5" }, "geometry": { "type": "Point", "coordinates": [ -0.173069437205851, 51.648640100626849 ] } },
{ "type": "Feature", "properties": { "id": null, "name": "Waltham Cross", "tfl_intid": null, "lines": null, "cartography": null, "altid": null, "tfl_statid": null, "night": null, "altid2": null, "zone": "7" }, "geometry": { "type": "Point", "coordinates": [ -0.026449766152211, 51.685134259098113 ] } },
{ "type": "Feature", "properties": { "id": null, "name": "Cuffley", "tfl_intid": null, "lines": null, "cartography": null, "altid": null, "tfl_statid": null, "night": null, "altid2": null, "zone": "Z" }, "geometry": { "type": "Point", "coordinates": [ -0.109831601363611, 51.708753723133206 ] } },
{ "type": "Feature", "properties": { "id": null, "name": "Potters Bar", "tfl_intid": null, "lines": null, "cartography": null, "altid": null, "tfl_statid": null, "night": null, "altid2": null, "zone": "Z" }, "geometry": { "type": "Point", "coordinates": [ -0.192745121195211, 51.697192822212529 ] } },
{ "type": "Feature", "properties": { "id": null, "name": "Crews Hill", "tfl_intid": null, "lines": null, "cartography": null, "altid": null, "tfl_statid": null, "night": null, "altid2": null, "zone": "6" }, "geometry": { "type": "Point", "coordinates": [ -0.107120049010231, 51.684436717588547 ] } },
{ "type": "Feature", "properties": { "id": null, "name": "Hornsey", "tfl_intid": null, "lines": null, "cartography": null, "altid": null, "tfl_statid": null, "night": null, "altid2": null, "zone": "3" }, "geometry": { "type": "Point", "coordinates": [ -0.111862465119249, 51.586229952294964 ] } },
{ "type": "Feature", "properties": { "id": null, "name": "Enfield Chase", "tfl_intid": null, "lines": null, "cartography": null, "altid": null, "tfl_statid": null, "night": null, "altid2": null, "zone": "5" }, "geometry": { "type": "Point", "coordinates": [ -0.090710963256086, 51.653162271988364 ] } },
{ "type": "Feature", "properties": { "id": null, "name": "Gordon Hill", "tfl_intid": null, "lines": null, "cartography": null, "altid": null, "tfl_statid": null, "night": null, "altid2": null, "zone": "5" }, "geometry": { "type": "Point", "coordinates": [ -0.094341369125625, 51.66291045545276 ] } },
{ "type": "Feature", "properties": { "id": null, "name": "Harringay", "tfl_intid": null, "lines": null, "cartography": null, "altid": null, "tfl_statid": null, "night": null, "altid2": null, "zone": "3" }, "geometry": { "type": "Point", "coordinates": [ -0.105288702269344, 51.577444653095917 ] } },
{ "type": "Feature", "properties": { "id": null, "name": "Palmers Green", "tfl_intid": null, "lines": null, "cartography": null, "altid": null, "tfl_statid": null, "night": null, "altid2": null, "zone": "4" }, "geometry": { "type": "Point", "coordinates": [ -0.110497898660106, 51.618221302469266 ] } },
{ "type": "Feature", "properties": { "id": null, "name": "Bowes Park", "tfl_intid": null, "lines": null, "cartography": null, "altid": null, "tfl_statid": null, "night": null, "altid2": null, "zone": "3\/4" }, "geometry": { "type": "Point", "coordinates": [ -0.120505479536443, 51.606947827293368 ] } },
{ "type": "Feature", "properties": { "id": null, "name": "Winchmore Hill", "tfl_intid": null, "lines": null, "cartography": null, "altid": null, "tfl_statid": null, "night": null, "altid2": null, "zone": "4" }, "geometry": { "type": "Point", "coordinates": [ -0.10100962088626, 51.633819132790897 ] } },
{ "type": "Feature", "properties": { "id": null, "name": "Grange Park", "tfl_intid": null, "lines": null, "cartography": null, "altid": null, "tfl_statid": null, "night": null, "altid2": null, "zone": "5" }, "geometry": { "type": "Point", "coordinates": [ -0.097050855622081, 51.642963327641482 ] } },
{ "type": "Feature", "properties": { "id": null, "name": "Alexandra Palace", "tfl_intid": null, "lines": null, "cartography": null, "altid": null, "tfl_statid": null, "night": null, "altid2": null, "zone": "3" }, "geometry": { "type": "Point", "coordinates": [ -0.120217025297919, 51.597915003145467 ] } },
{ "type": "Feature", "properties": { "id": null, "name": "Angel Road", "tfl_intid": null, "lines": null, "cartography": null, "altid": null, "tfl_statid": null, "night": null, "altid2": null, "zone": "4" }, "geometry": { "type": "Point", "coordinates": [ -0.049193931768915, 51.612307037102603 ] } },
{ "type": "Feature", "properties": { "id": null, "name": "Brimsdown", "tfl_intid": null, "lines": null, "cartography": null, "altid": null, "tfl_statid": null, "night": null, "altid2": null, "zone": "5" }, "geometry": { "type": "Point", "coordinates": [ -0.030814103866286, 51.655321861037002 ] } },
{ "type": "Feature", "properties": { "id": null, "name": "Enfield Lock", "tfl_intid": null, "lines": null, "cartography": null, "altid": null, "tfl_statid": null, "night": null, "altid2": null, "zone": "6" }, "geometry": { "type": "Point", "coordinates": [ -0.028533748372245, 51.670801618571609 ] } },
{ "type": "Feature", "properties": { "id": null, "name": "Northumberland Park", "tfl_intid": null, "lines": null, "cartography": null, "altid": null, "tfl_statid": null, "night": null, "altid2": null, "zone": "3" }, "geometry": { "type": "Point", "coordinates": [ -0.053926441194444, 51.601927583722166 ] } },
{ "type": "Feature", "properties": { "id": null, "name": "Ponders End", "tfl_intid": null, "lines": null, "cartography": null, "altid": null, "tfl_statid": null, "night": null, "altid2": null, "zone": "5" }, "geometry": { "type": "Point", "coordinates": [ -0.035032928240639, 51.642247834871377 ] } },
{ "type": "Feature", "properties": { "id": null, "name": "Wandsworth Common", "tfl_intid": null, "lines": null, "cartography": null, "altid": null, "tfl_statid": null, "night": null, "altid2": null, "zone": "3" }, "geometry": { "type": "Point", "coordinates": [ -0.16362282044877, 51.446247092371237 ] } }
]
}
